photos,class instances,midx,midy,width,height,class,valid
G0024066_1,1,249.0,441.5,512.0,512.0,trash,False
G0036554_10,1,320.5,244.5,512.0,512.0,container,False
G0036554_10,2,333.0,222.0,512.0,512.0,container,False
G0036554_10,3,457.5,261.5,512.0,512.0,air conditioner,False
G0036452_15,1,283.5,23.0,512.0,512.0,container,False
G0036452_15,2,390.5,193.0,512.0,512.0,ladder,False
G0024017_5,1,221.0,287.5,440.0,512.0,pool,False
G0024075_2,1,439.5,156.0,512.0,512.0,table,True
G0036540_12,1,74.5,81.5,512.0,512.0,container,True
G0036429_1,1,341.0,217.5,512.0,512.0,container,False
G0013864_8,1,221.0,347.5,512.0,512.0,porch,True
G0013864_8,2,76.5,481.0,512.0,512.0,air conditioner,True
G0013864_8,3,271.5,88.0,512.0,512.0,tent,True
G0013884_1,1,221.0,341.5,512.0,512.0,car,False
G0036435_11,1,296.5,104.0,440.0,512.0,flower pot,False
G0024037_14,1,129.0,250.5,512.0,512.0,container,False
G0024037_14,2,136.5,399.5,512.0,512.0,container,False
G0024051_10,1,169.5,159.0,512.0,512.0,chair,False
G0024051_10,2,69.5,106.0,512.0,512.0,chair,False
G0024051_10,3,111.5,46.5,512.0,512.0,chair,False
G0024051_10,4,22.0,46.5,512.0,512.0,chair,False
G0024051_10,5,67.0,52.5,512.0,512.0,table,False
G0024039_11,1,116.0,79.5,440.0,512.0,car,False
G0024049_3,1,304.5,344.0,512.0,512.0,chair,False
G0024049_3,2,311.0,376.0,512.0,512.0,toy,False
G0024049_3,3,469.0,272.0,512.0,512.0,table,False
G0024059_11,1,113.0,294.5,440.0,512.0,trash bin,True
G0024059_11,2,110.5,361.0,440.0,512.0,trash bin,True
G0024059_11,3,87.5,411.5,440.0,512.0,trash bin,True
G0024059_11,4,279.5,411.5,440.0,512.0,trash bin,True
G0013844_19,1,235.5,82.5,512.0,464.0,ladder,False
G0036432_10,1,185.0,238.0,512.0,512.0,flower pot,False
G0036432_10,2,226.5,227.0,512.0,512.0,flower pot,False
G0036432_10,3,200.0,244.5,512.0,512.0,flower pot,False
G0036432_10,4,321.0,319.0,512.0,512.0,container,False
G0024039_22,1,122.5,328.0,512.0,464.0,umbrella,False
G0013834_1,1,416.5,361.5,512.0,512.0,chair,False
G0013833_2,1,84.5,381.0,512.0,512.0,tarp,False
G0013833_2,2,31.0,447.0,512.0,512.0,tarp,False
G0013833_2,3,136.0,445.5,512.0,512.0,tarp,False
G0013833_2,4,93.0,484.5,512.0,512.0,tarp,False
G0013833_2,5,157.0,349.0,512.0,512.0,porch,False
G0024051_11,1,177.5,179.0,440.0,512.0,container,True
G0024051_11,2,410.0,179.0,440.0,512.0,container,True
G0024058_6,1,66.0,268.0,512.0,512.0,car,False
G0013873_0,1,146.0,136.0,512.0,512.0,pool,False
G0013873_0,2,137.0,148.0,512.0,512.0,toy,False
G0013873_0,3,251.0,223.0,512.0,512.0,toy,False
G0013877_23,1,207.5,418.0,440.0,464.0,clutter,False
G0013833_0,1,238.5,38.0,512.0,512.0,car,False
G0024060_13,1,319.5,443.5,512.0,512.0,car,False
G0024070_13,1,263.0,173.0,512.0,512.0,container,False
G0024070_13,2,438.0,148.0,512.0,512.0,container,False
G0024070_13,3,154.5,50.0,512.0,512.0,pool,False
G0024024_19,1,335.0,377.5,512.0,464.0,car,False
G0024033_4,1,146.5,173.5,512.0,512.0,container,True
G0024069_13,1,291.5,291.5,512.0,512.0,table,False
G0024069_13,2,178.0,294.5,512.0,512.0,chair,False
G0024069_13,3,281.0,388.5,512.0,512.0,chair,False
G0024069_13,4,269.0,394.5,512.0,512.0,container,False
G0024069_13,5,170.0,373.5,512.0,512.0,flower pot,False
G0024069_13,6,269.0,393.0,512.0,512.0,flower pot,False
G0024069_13,7,391.5,402.0,512.0,512.0,flower pot,False
G0024069_13,8,404.5,350.5,512.0,512.0,flower pot,False
G0024069_13,9,372.5,178.0,512.0,512.0,flower pot,False
G0024069_13,10,381.5,30.0,512.0,512.0,container,False
G0024069_13,11,299.0,310.0,512.0,512.0,porch,False
G0036445_8,1,54.5,99.5,512.0,512.0,pool,False
G0024072_13,1,334.0,483.0,512.0,512.0,trash bin,False
G0024072_13,2,267.0,476.5,512.0,512.0,trash bin,False
G0024072_13,3,286.5,488.5,512.0,512.0,trash bin,False
G0024089_12,1,365.0,360.5,512.0,512.0,hose,True
G0024041_10,1,229.5,98.5,512.0,512.0,car,False
G0024060_3,1,462.0,181.0,512.0,512.0,car,False
G0024060_3,2,479.0,439.0,512.0,512.0,car,False
G0024062_22,1,114.5,172.5,512.0,464.0,table,False
G0024062_22,2,270.0,423.5,512.0,464.0,table,False
G0024062_22,3,282.5,208.0,512.0,464.0,chair,False
G0024062_22,4,49.5,177.5,512.0,464.0,chair,False
G0013882_7,1,31.5,83.0,512.0,512.0,pot,False
G0024066_2,1,202.5,482.0,512.0,512.0,container,False
G0036435_3,1,43.0,492.5,512.0,512.0,container,False
G0036435_3,2,9.0,458.0,512.0,512.0,container,False
G0024034_6,1,315.0,379.0,512.0,512.0,trash bin,False
G0024034_6,2,322.0,343.0,512.0,512.0,trash bin,False
G0024034_6,3,326.0,307.5,512.0,512.0,trash bin,False
G0036545_13,1,348.0,312.0,512.0,512.0,container,True
G0036545_13,2,75.5,247.5,512.0,512.0,flower pot,True
G0013879_9,1,382.5,337.0,512.0,512.0,container,False
G0013879_9,2,361.5,415.5,512.0,512.0,flower pot,False
G0013879_9,3,387.5,337.5,512.0,512.0,pot,False
G0013879_9,4,369.5,419.5,512.0,512.0,pot,False
G0013871_7,1,281.5,294.5,512.0,512.0,hose,True
G0024036_1,1,229.0,169.0,512.0,512.0,trash bin,False
G0024036_1,2,505.5,330.5,512.0,512.0,container,False
G0013866_1,1,348.5,478.0,512.0,512.0,table,False
G0013866_1,2,359.0,453.0,512.0,512.0,chair,False
G0013866_1,3,331.0,491.0,512.0,512.0,chair,False
G0013860_13,1,456.5,399.5,512.0,512.0,flower pot,False
G0013860_13,2,460.5,398.5,512.0,512.0,container,False
G0013860_13,3,259.5,325.0,512.0,512.0,container,False
G0013860_13,4,308.0,391.5,512.0,512.0,table,False
G0013852_3,1,450.0,155.5,512.0,512.0,basketball,False
G0024086_11,1,95.0,363.5,440.0,512.0,car,True
G0036499_2,1,241.0,277.0,512.0,512.0,container,False
G0013869_9,1,170.5,108.5,512.0,512.0,car,True
G0013869_9,2,112.5,186.5,512.0,512.0,drain,True
G0024039_21,1,241.5,237.5,512.0,464.0,container,False
G0036462_15,1,316.5,143.5,512.0,512.0,container,False
G0036462_15,2,376.0,138.5,512.0,512.0,container,False
G0036462_15,3,108.5,272.0,512.0,512.0,porch,False
G0036462_15,4,109.0,348.0,512.0,512.0,table,False
G0036427_21,1,305.5,347.0,512.0,464.0,pool,False
G0024038_13,1,254.5,361.5,512.0,512.0,container,False
G0024057_6,1,232.0,267.5,512.0,512.0,car,False
G0013831_1,1,214.5,109.5,512.0,512.0,container,False
G0013831_1,2,211.0,480.0,512.0,512.0,tire,False
G0024070_17,1,166.5,282.5,440.0,512.0,umbrella,False
G0013831_11,1,304.0,352.5,440.0,512.0,trash bin,True
G0013831_11,2,160.0,396.0,440.0,512.0,car,True
G0024058_12,1,276.5,260.5,512.0,512.0,car,False
G0024068_14,2,196.5,81.5,512.0,512.0,container,False
G0013832_9,2,106.0,242.5,512.0,512.0,container,False
G0013832_9,3,106.0,194.0,512.0,512.0,container,False
G0013832_9,4,100.0,317.0,512.0,512.0,container,False
G0013834_2,1,380.5,165.5,512.0,512.0,pool,True
G0013834_2,2,188.5,303.0,512.0,512.0,flower pot,True
G0013834_2,3,188.0,200.5,512.0,512.0,flower pot,True
G0013834_2,4,191.0,94.5,512.0,512.0,flower pot,True
G0013834_2,6,139.5,374.5,512.0,512.0,container,True
G0036462_4,1,211.5,32.5,512.0,512.0,toy,False
G0036553_3,1,192.5,123.0,512.0,512.0,trash bin,False
G0036535_10,1,421.0,233.5,512.0,512.0,container,False
G0036535_10,2,332.0,386.0,512.0,512.0,table,False
G0036535_10,3,352.0,283.5,512.0,512.0,chair,False
G0013877_5,1,102.5,173.5,440.0,512.0,trash,False
G0013868_18,1,36.5,80.5,512.0,464.0,tire,False
G0013877_1,1,497.5,241.5,512.0,512.0,container,False
G0013877_1,2,498.5,240.0,512.0,512.0,flower pot,False
G0013846_5,1,295.0,399.5,440.0,512.0,car,False
G0036467_14,1,390.5,295.5,512.0,512.0,container,False
G0036467_14,2,421.5,328.0,512.0,512.0,flower pot,False
G0024037_16,1,190.0,56.5,512.0,512.0,basketball,False
G0013862_2,1,93.0,170.5,512.0,512.0,porch,False
G0024073_16,1,318.5,142.5,512.0,512.0,container,True
G0024073_16,2,358.0,128.0,512.0,512.0,container,True
G0024073_16,3,385.5,115.5,512.0,512.0,container,True
G0024073_16,4,428.0,106.5,512.0,512.0,trash bin,True
G0024073_16,5,471.0,78.0,512.0,512.0,trash bin,True
G0024033_11,1,127.5,289.5,440.0,512.0,toy,False
G0024033_11,2,233.5,320.0,440.0,512.0,container,False
G0024033_11,3,349.5,320.5,440.0,512.0,chair,False
G0024033_11,4,390.0,342.0,440.0,512.0,table,False
G0024039_10,1,90.0,75.0,512.0,512.0,car,False
G0024029_8,1,48.5,321.0,512.0,512.0,container,False
G0024048_13,1,349.0,47.5,512.0,512.0,container,False
G0024048_13,2,395.5,23.5,512.0,512.0,chair,False
G0013853_4,1,230.0,476.0,512.0,512.0,car,False
G0024035_10,1,241.0,117.5,512.0,512.0,container,True
G0024059_10,1,454.5,336.5,512.0,512.0,trash bin,False
G0024059_10,2,451.0,366.0,512.0,512.0,trash bin,False
G0024059_10,3,496.5,245.0,512.0,512.0,container,False
G0024074_21,1,362.5,66.5,512.0,464.0,flower pot,False
G0036546_12,1,203.0,359.5,512.0,512.0,container,False
G0013882_1,1,150.0,368.5,512.0,512.0,car,False
G0024050_8,1,360.5,152.5,512.0,512.0,umbrella,False
G0024066_0,1,369.5,414.5,512.0,512.0,trash bin,True
G0024066_0,2,394.5,425.0,512.0,512.0,trash bin,True
G0024066_0,3,363.5,410.5,512.0,512.0,container,True
G0024066_0,4,392.5,396.0,512.0,512.0,container,True
G0024066_0,5,399.0,427.0,512.0,512.0,container,True
G0024057_8,1,484.0,164.0,512.0,512.0,car,True
G0024038_3,1,141.0,139.0,512.0,512.0,flower pot,False
G0013880_13,1,398.0,27.0,512.0,512.0,container,True
G0013880_13,2,404.0,29.5,512.0,512.0,pot,True
G0024050_23,1,161.5,122.0,440.0,464.0,container,True
G0024068_9,1,273.5,424.0,512.0,512.0,chair,False
G0036430_9,1,205.0,425.5,512.0,512.0,toy,False
G0036430_9,2,179.0,416.0,512.0,512.0,container,False
G0036430_9,3,88.0,116.5,512.0,512.0,pool,False
G0036430_9,4,71.0,465.5,512.0,512.0,tarp,False
G0024087_21,1,151.0,123.5,512.0,464.0,drain,False
G0036428_20,1,320.0,71.0,512.0,464.0,flower pot,False
G0036428_20,2,385.0,51.0,512.0,464.0,flower pot,False
G0036428_20,3,440.0,239.5,512.0,464.0,toy,False
G0024087_14,1,62.5,347.5,512.0,512.0,container,False
G0024087_14,2,42.0,362.0,512.0,512.0,container,False
G0013878_19,1,55.5,378.0,512.0,464.0,container,False
G0013878_19,2,140.5,400.5,512.0,464.0,container,False
G0024017_2,2,230.5,370.0,512.0,512.0,gutter,False
G0024076_14,1,120.0,159.0,512.0,512.0,container,True
G0024059_3,1,385.5,349.0,512.0,512.0,car,False
G0024057_5,1,295.0,109.5,440.0,512.0,trash bin,False
G0024057_5,2,299.5,112.0,440.0,512.0,container,False
G0024057_5,3,130.0,106.5,440.0,512.0,container,False
G0024057_5,4,177.0,48.0,440.0,512.0,container,False
G0024057_5,5,128.5,103.5,440.0,512.0,trash bin,False
G0024026_17,1,167.0,186.0,440.0,512.0,car,False
G0024049_4,1,267.5,498.0,512.0,512.0,container,False
G0024049_4,2,380.0,433.0,512.0,512.0,hose,False
G0024040_5,1,230.0,255.0,440.0,512.0,car,True
G0024040_9,2,87.0,382.5,512.0,512.0,car,False
G0024036_16,1,474.5,473.5,512.0,512.0,basketball,False
G0013833_17,1,397.0,445.0,440.0,512.0,container,True
G0013833_17,2,397.0,446.0,440.0,512.0,trash bin,True
G0024059_4,1,86.0,404.0,512.0,512.0,drain,False
G0013868_20,1,315.0,290.0,512.0,464.0,air conditioner,False
G0024095_0,2,137.5,274.5,512.0,512.0,porch,False
G0024095_0,3,90.0,263.5,512.0,512.0,table,False
G0024095_0,4,83.0,194.5,512.0,512.0,chair,False
G0024095_0,5,121.5,181.0,512.0,512.0,table,False
G0024095_0,6,124.5,342.5,512.0,512.0,flower pot,False
G0024095_0,7,144.5,336.0,512.0,512.0,flower pot,False
G0024030_11,1,211.0,454.5,440.0,512.0,container,False
G0013835_8,1,179.0,242.0,512.0,512.0,chair,False
G0024038_4,1,160.0,391.5,512.0,512.0,umbrella,True
G0013831_23,1,130.0,89.0,440.0,464.0,car,False
G0036444_14,1,417.5,59.5,512.0,512.0,flower pot,True
G0036444_14,2,208.5,27.0,512.0,512.0,pool,True
G0024072_14,1,229.5,306.0,512.0,512.0,pool,True
G0024057_13,1,134.0,290.0,512.0,512.0,car,False
G0024061_15,1,174.0,421.0,512.0,512.0,container,False
G0013833_20,1,415.0,407.5,512.0,464.0,chair,False
G0013833_20,2,476.5,437.5,512.0,464.0,chair,False
G0024055_23,1,169.0,375.5,440.0,464.0,flower pot,True
G0024058_3,1,455.5,492.5,512.0,512.0,air conditioner,False
G0024029_10,1,466.5,315.5,512.0,512.0,umbrella,False
G0024029_10,2,433.5,249.5,512.0,512.0,porch,False
G0024062_1,1,246.5,53.5,512.0,512.0,gutter,False
G0024029_14,1,60.0,245.0,512.0,512.0,flower pot,False
G0036463_20,1,440.5,279.0,512.0,464.0,container,False
G0036463_20,2,472.0,362.0,512.0,464.0,toy,False
G0036463_20,3,434.5,313.0,512.0,464.0,pot,False
G0036463_20,4,415.0,205.0,512.0,464.0,porch,False
G0013876_23,1,42.0,50.0,440.0,464.0,hose,False
G0013835_15,1,304.0,232.0,512.0,512.0,table,False
G0036541_21,1,388.0,182.5,512.0,464.0,container,True
G0013834_3,1,463.0,279.0,512.0,512.0,table,False
G0013834_3,2,497.5,273.0,512.0,512.0,chair,False
G0013834_3,3,464.0,222.0,512.0,512.0,chair,False
G0013834_3,4,431.5,282.0,512.0,512.0,chair,False
G0024060_7,1,469.0,235.5,512.0,512.0,container,False
G0024060_7,2,438.5,207.5,512.0,512.0,container,False
G0024060_7,3,448.5,179.5,512.0,512.0,container,False
G0024060_7,4,480.0,178.0,512.0,512.0,container,False
G0024060_7,5,441.0,54.5,512.0,512.0,trash,False
G0036497_14,1,254.5,32.5,512.0,512.0,flower pot,False
G0036497_14,2,489.5,96.5,512.0,512.0,flower pot,False
G0036497_14,3,428.0,139.0,512.0,512.0,flower pot,False
G0036497_14,4,429.5,163.0,512.0,512.0,flower pot,False
G0036497_14,5,169.0,233.0,512.0,512.0,flower pot,False
G0013857_12,1,223.5,178.0,512.0,512.0,drain,False
G0024084_1,1,449.5,433.5,512.0,512.0,chair,False
G0024056_16,1,204.5,372.5,512.0,512.0,car,True
G0013864_14,1,119.5,204.5,512.0,512.0,car,False
G0013855_5,1,249.0,419.5,440.0,512.0,car,False
G0036562_4,1,218.5,324.5,512.0,512.0,container,False
G0036562_4,2,228.5,316.5,512.0,512.0,container,False
G0036562_4,3,237.5,320.0,512.0,512.0,container,False
G0036562_4,4,232.0,333.0,512.0,512.0,container,False
G0036562_4,5,224.5,329.0,512.0,512.0,container,False
G0036562_4,6,231.5,306.0,512.0,512.0,container,False
G0036562_4,7,241.5,310.0,512.0,512.0,container,False
G0036562_4,8,293.0,352.5,512.0,512.0,container,False
G0036562_4,9,304.0,357.0,512.0,512.0,container,False
G0013862_8,1,123.0,52.5,512.0,512.0,table,False
G0024054_21,1,380.5,346.0,512.0,464.0,car,False
G0013889_18,2,320.0,427.0,512.0,464.0,table,False
G0013831_15,5,98.0,255.0,512.0,512.0,container,False
G0013831_15,6,99.0,255.5,512.0,512.0,flower pot,False
G0013831_15,8,81.5,361.0,512.0,512.0,container,False
G0013831_15,9,82.5,363.0,512.0,512.0,flower pot,False
G0013865_17,1,29.0,319.0,440.0,512.0,container,False
G0024084_3,1,384.5,437.0,512.0,512.0,container,False
G0024084_3,2,373.0,458.5,512.0,512.0,container,False
G0024084_3,3,348.5,478.0,512.0,512.0,container,False
G0024084_3,4,349.0,448.0,512.0,512.0,container,False
G0024084_3,5,377.0,484.0,512.0,512.0,container,False
G0024084_3,6,358.0,499.0,512.0,512.0,container,False
G0024084_3,7,408.0,409.0,512.0,512.0,container,False
G0024084_3,8,429.5,185.5,512.0,512.0,container,False
G0024020_22,1,264.0,73.5,512.0,464.0,car,True
G0024020_22,2,77.0,61.5,512.0,464.0,car,True
G0036487_9,1,377.5,357.5,512.0,512.0,flower pot,False
G0036487_9,2,160.0,185.5,512.0,512.0,flower pot,False
G0036487_9,3,293.0,98.0,512.0,512.0,flower pot,False
G0013857_5,1,206.5,247.0,440.0,512.0,trash bin,False
G0013857_5,2,252.0,253.0,440.0,512.0,container,False
G0024067_19,1,319.5,181.0,512.0,464.0,trash bin,False
G0024067_19,2,363.0,158.5,512.0,464.0,trash bin,False
G0024067_19,3,381.5,180.5,512.0,464.0,trash bin,False
G0024067_19,4,355.5,150.5,512.0,464.0,container,False
G0024067_19,5,378.0,182.5,512.0,464.0,container,False
G0024067_19,6,324.5,190.0,512.0,464.0,container,False
G0024050_16,1,378.5,24.5,512.0,512.0,container,False
G0036460_20,1,383.5,391.0,512.0,464.0,container,False
G0036460_20,2,341.0,454.0,512.0,464.0,container,False
G0013848_2,1,182.5,72.5,512.0,512.0,container,False
G0013848_2,3,115.5,116.0,512.0,512.0,porch,False
G0013848_2,4,45.5,292.5,512.0,512.0,container,False
G0013848_2,5,18.0,293.0,512.0,512.0,container,False
G0013848_2,6,42.0,294.0,512.0,512.0,bucket,False
G0013848_2,7,18.5,292.5,512.0,512.0,bucket,False
G0036434_16,1,198.5,323.0,512.0,512.0,gutter,False
G0024029_11,1,39.0,318.5,440.0,512.0,umbrella,False
G0024025_2,1,270.5,215.5,512.0,512.0,porch,False
G0024038_0,1,168.5,177.0,512.0,512.0,flower pot,True
G0013854_10,1,63.5,66.0,512.0,512.0,chair,True
G0024041_11,1,315.0,105.5,440.0,512.0,car,True
G0036503_3,1,331.5,108.5,512.0,512.0,tire,True
G0036503_3,2,309.0,153.0,512.0,512.0,container,True
G0036503_3,3,356.0,106.0,512.0,512.0,container,True
G0024056_14,1,124.0,447.5,512.0,512.0,car,True
G0024026_11,1,69.5,222.0,440.0,512.0,trash bin,False
G0024026_11,2,121.5,228.5,440.0,512.0,trash bin,False
G0013841_10,1,367.0,483.0,512.0,512.0,car,False
G0013841_10,2,370.0,424.5,512.0,512.0,table,False
G0013841_10,3,368.5,355.0,512.0,512.0,chair,False
G0013841_10,4,419.5,373.5,512.0,512.0,chair,False
G0013841_10,5,286.5,370.5,512.0,512.0,porch,False
G0013843_22,1,139.5,38.5,512.0,464.0,table,True
G0024037_17,1,11.5,285.5,440.0,512.0,container,False
G0024038_9,1,115.0,234.0,512.0,512.0,container,False
G0024038_9,2,91.0,215.5,512.0,512.0,container,False
G0024038_9,3,210.0,313.0,512.0,512.0,container,False
G0024038_9,4,104.5,270.5,512.0,512.0,container,False
G0024038_9,5,226.0,360.5,512.0,512.0,toy,False
G0024035_7,1,245.0,326.5,512.0,512.0,pool,False
G0013863_14,1,254.0,141.0,512.0,512.0,table,False
G0013863_14,2,88.0,260.0,512.0,512.0,chair,False
G0013863_14,3,82.5,323.0,512.0,512.0,chair,False
G0013863_14,4,216.0,162.5,512.0,512.0,chair,False
G0013863_14,5,231.0,109.0,512.0,512.0,chair,False
G0013863_14,6,272.5,89.0,512.0,512.0,chair,False
G0013863_14,7,306.5,129.5,512.0,512.0,chair,False
G0013863_14,8,294.5,184.0,512.0,512.0,chair,False
G0013863_14,9,251.0,220.5,512.0,512.0,chair,False
G0013863_14,10,252.0,286.0,512.0,512.0,container,False
G0013863_14,11,325.0,93.5,512.0,512.0,flower pot,False
G0013863_14,12,221.5,448.0,512.0,512.0,container,False
G0013863_14,13,219.0,451.0,512.0,512.0,pot,False
G0024059_1,1,327.5,108.0,512.0,512.0,car,True
G0024056_15,1,121.0,229.0,512.0,512.0,car,True
G0024027_15,1,241.5,451.0,512.0,512.0,chair,False
G0024027_15,2,193.0,433.0,512.0,512.0,chair,False
G0024027_15,3,162.5,359.0,512.0,512.0,chair,False
G0024027_15,4,161.0,310.0,512.0,512.0,chair,False
G0024071_22,1,389.5,215.5,512.0,464.0,pool,True
G0024063_13,1,369.5,471.5,512.0,512.0,container,True
G0013865_8,1,451.0,417.5,512.0,512.0,toy,True
G0013865_8,2,349.0,102.5,512.0,512.0,table,True
G0036452_21,1,247.0,153.5,512.0,464.0,container,False
G0036452_21,2,405.0,145.0,512.0,464.0,container,False
G0036452_21,3,411.5,189.5,512.0,464.0,container,False
G0036452_21,4,212.5,42.0,512.0,464.0,flower pot,False
G0036452_21,5,235.5,40.0,512.0,464.0,pot,False
G0036452_21,6,264.5,36.5,512.0,464.0,pot,False
G0036452_21,7,289.5,32.0,512.0,464.0,pot,False
G0036452_21,8,313.5,17.5,512.0,464.0,pot,False
G0036464_14,1,378.5,85.0,512.0,512.0,bucket,False
G0036464_14,2,295.5,330.0,512.0,512.0,container,False
G0036464_14,3,328.0,333.0,512.0,512.0,container,False
G0036464_14,4,403.0,65.5,512.0,512.0,bucket,False
G0024089_23,1,285.0,219.0,440.0,464.0,trash bin,False
G0024089_23,2,289.0,224.5,440.0,464.0,container,False
G0024077_3,1,197.5,271.5,512.0,512.0,awning,False
G0024071_2,1,133.5,315.0,512.0,512.0,umbrella,True
G0024053_8,1,272.5,243.5,512.0,512.0,car,False
G0036538_19,1,120.0,335.0,512.0,464.0,container,False
G0024088_1,1,89.0,245.0,512.0,512.0,car,False
G0024087_5,1,170.5,296.0,440.0,512.0,pool,True
G0024087_5,2,174.0,295.0,440.0,512.0,container,True
G0024087_5,3,175.0,300.5,440.0,512.0,toy,True
G0024044_21,1,11.5,218.0,512.0,464.0,container,False
G0024080_22,1,69.0,165.5,512.0,464.0,table,False
G0013849_2,1,117.5,387.0,512.0,512.0,porch,False
G0013849_2,2,32.0,321.0,512.0,512.0,flower pot,False
G0013849_2,3,166.0,348.5,512.0,512.0,flower pot,False
G0024084_9,1,272.0,349.0,512.0,512.0,car,False
G0024084_9,2,76.5,354.0,512.0,512.0,car,False
G0024084_9,3,371.0,40.5,512.0,512.0,container,False
G0024084_9,4,377.0,15.5,512.0,512.0,container,False
G0024062_4,1,88.5,182.5,512.0,512.0,chair,False
G0024062_4,2,93.0,127.5,512.0,512.0,chair,False
G0024070_4,1,359.0,124.5,512.0,512.0,umbrella,False
G0024070_4,2,75.5,229.0,512.0,512.0,pool,False
G0024032_18,1,402.5,226.5,512.0,464.0,container,True
G0024032_18,2,407.0,245.0,512.0,464.0,container,True
G0013846_16,1,181.5,91.5,512.0,512.0,container,False
G0013846_16,2,165.0,88.5,512.0,512.0,container,False
G0024085_11,1,348.0,168.5,440.0,512.0,container,False
G0024085_11,2,349.0,164.0,440.0,512.0,flower pot,False
G0024085_11,3,294.5,348.0,440.0,512.0,table,False
G0024039_5,1,82.5,291.5,440.0,512.0,car,False
G0024039_5,2,242.5,85.5,440.0,512.0,car,False
G0013886_0,1,389.5,378.5,512.0,512.0,chair,False
G0013857_10,1,64.0,246.5,512.0,512.0,porch,True
G0036497_20,1,311.5,163.0,512.0,464.0,container,False
G0036497_20,2,344.5,332.0,512.0,464.0,air conditioner,False
G0036497_20,3,324.5,410.5,512.0,464.0,air conditioner,False
G0036497_20,4,185.5,72.5,512.0,464.0,bird bath,False
G0036497_20,5,311.5,123.5,512.0,464.0,porch,False
G0024032_10,1,405.5,140.5,512.0,512.0,basketball,False
G0024040_8,1,266.0,78.5,512.0,512.0,car,False
G0024031_6,1,296.5,184.0,512.0,512.0,container,False
G0024051_15,1,406.0,135.0,512.0,512.0,container,False
G0024051_15,2,393.0,138.5,512.0,512.0,container,False
G0024076_11,1,426.5,238.0,440.0,512.0,container,False
G0024043_16,1,137.5,58.0,512.0,512.0,container,False
G0024018_17,1,152.5,261.0,440.0,512.0,pool,False
G0024018_17,2,312.0,332.0,440.0,512.0,container,False
G0013849_22,1,223.0,87.0,512.0,464.0,basketball,True
G0024075_19,1,232.0,215.5,512.0,464.0,container,False
G0024044_7,1,228.0,169.0,512.0,512.0,tent,False
G0024018_3,1,104.5,434.0,512.0,512.0,car,False
G0024074_7,1,154.0,78.0,512.0,512.0,basketball,False
G0024083_8,1,229.5,253.5,512.0,512.0,car,False
G0036561_2,1,402.0,325.5,512.0,512.0,porch,False
G0036561_2,2,469.5,487.0,512.0,512.0,air conditioner,False
G0036501_3,1,116.5,246.0,512.0,512.0,trash bin,False
G0036501_3,2,128.0,287.5,512.0,512.0,trash bin,False
G0036501_3,3,130.0,320.5,512.0,512.0,trash bin,False
G0036501_3,4,104.0,205.5,512.0,512.0,air conditioner,False
G0036501_3,5,108.5,156.5,512.0,512.0,air conditioner,False
G0036550_20,1,486.0,127.0,512.0,464.0,flower pot,False
G0013878_0,1,294.5,292.0,512.0,512.0,car,False
G0024087_13,4,61.5,97.0,512.0,512.0,container,False
G0024087_13,5,30.5,94.0,512.0,512.0,container,False
G0013880_7,1,361.0,330.5,512.0,512.0,umbrella,False
G0013880_7,2,489.0,259.5,512.0,512.0,container,False
G0013880_7,3,490.0,266.0,512.0,512.0,pot,False
G0013880_7,4,442.0,266.5,512.0,512.0,chair,False
G0013880_7,5,457.5,322.5,512.0,512.0,chair,False
G0013880_7,6,322.5,204.0,512.0,512.0,container,False
G0013870_8,1,122.5,476.0,512.0,512.0,trash bin,False
G0013870_8,2,122.0,474.0,512.0,512.0,container,False
G0024045_17,1,288.5,119.0,440.0,512.0,car,False
G0024091_6,1,203.0,421.5,512.0,512.0,car,False
G0013865_7,1,167.5,154.5,512.0,512.0,car,False
G0024067_8,1,11.0,133.0,512.0,512.0,container,False
G0024034_9,1,55.5,191.0,512.0,512.0,container,False
G0024076_21,2,202.0,43.5,512.0,464.0,flower pot,False
G0024076_21,3,205.5,40.0,512.0,464.0,container,False
G0024021_17,1,40.0,173.0,440.0,512.0,trash bin,False
G0013889_19,1,327.0,129.5,512.0,464.0,table,True
G0013889_19,2,353.0,69.0,512.0,464.0,chair,True
G0013889_19,3,289.0,83.0,512.0,464.0,chair,True
G0013889_19,4,282.0,125.0,512.0,464.0,chair,True
G0013889_19,5,382.0,102.5,512.0,464.0,chair,True
G0013889_19,6,384.5,162.0,512.0,464.0,chair,True
G0013858_13,1,321.0,194.0,512.0,512.0,chair,False
G0013858_13,2,104.5,154.5,512.0,512.0,porch,False
G0013858_13,3,401.0,56.5,512.0,512.0,table,False
G0013858_13,4,321.5,264.0,512.0,512.0,container,False
G0013858_13,5,316.0,266.0,512.0,512.0,pot,False
G0013858_13,6,475.0,63.0,512.0,512.0,chair,False
G0024062_19,1,312.5,338.0,512.0,464.0,table,False
G0024062_19,2,311.0,303.5,512.0,464.0,chair,False
G0024062_19,3,273.5,327.5,512.0,464.0,chair,False
G0024062_19,4,332.0,23.5,512.0,464.0,container,False
G0024062_7,1,345.5,408.5,512.0,512.0,table,False
G0024062_7,2,341.0,358.0,512.0,512.0,chair,False
G0024062_7,3,290.0,413.5,512.0,512.0,chair,False
G0024084_2,1,22.0,256.0,512.0,512.0,container,True
G0024084_2,2,25.0,230.5,512.0,512.0,container,True
G0024084_2,3,74.5,466.5,512.0,512.0,umbrella,True
G0024017,1,1564.5,1049.5,3000.0,2000.0,car,False
G0024017,2,1324.5,738.0,3000.0,2000.0,car,False
G0024017,3,2768.0,313.5,3000.0,2000.0,pool,False
G0036461_21,1,219.0,156.5,512.0,464.0,container,False
G0036461_21,2,412.5,317.0,512.0,464.0,umbrella,False
G0024060_8,1,160.0,406.5,512.0,512.0,car,True
G0024067_13,1,419.5,289.5,512.0,512.0,table,True
G0024067_13,2,409.5,237.5,512.0,512.0,chair,True
G0024067_13,3,337.0,253.5,512.0,512.0,chair,True
G0024067_13,4,363.5,292.0,512.0,512.0,chair,True
G0024067_13,5,320.0,295.0,512.0,512.0,table,True
G0024067_13,6,139.0,325.0,512.0,512.0,toy,True
G0024043_15,1,84.5,96.5,512.0,512.0,container,False
G0024043_15,2,156.5,151.5,512.0,512.0,container,False
G0024089_6,1,132.5,408.5,512.0,512.0,car,False
G0024043_8,1,202.0,116.5,512.0,512.0,car,False
G0036427_13,1,248.0,451.0,512.0,512.0,porch,False
G0036427_13,2,479.5,103.0,512.0,512.0,container,False
G0024036_0,1,361.5,395.5,512.0,512.0,flower pot,False
G0013866_0,1,167.5,333.5,512.0,512.0,tent,False
G0024068_10,1,83.0,332.0,512.0,512.0,pool,True
G0024068_10,2,85.0,354.5,512.0,512.0,toy,True
G0024091_1,1,421.0,115.5,512.0,512.0,container,False
G0024029_15,1,417.5,128.5,512.0,512.0,toy,False
G0024029_15,3,444.5,270.0,512.0,512.0,container,False
G0036428_13,1,387.0,75.5,512.0,512.0,hose,False
G0036428_13,2,496.5,332.0,512.0,512.0,pot,False
G0024017_11,1,413.5,233.0,440.0,512.0,container,False
G0024017_11,2,404.5,291.0,440.0,512.0,container,False
G0024017_11,3,405.5,357.5,440.0,512.0,container,False
G0036501_6,1,185.0,126.0,512.0,512.0,bucket,True
G0024040_20,1,159.5,394.5,512.0,464.0,tent,False
G0024060_1,1,361.5,127.0,512.0,512.0,container,False
G0024060_1,2,336.5,29.0,512.0,512.0,trash bin,False
G0024060_1,3,392.0,75.5,512.0,512.0,trash bin,False
G0024060_1,4,409.5,349.0,512.0,512.0,container,False
G0024060_1,7,233.0,427.5,512.0,512.0,gutter,False
G0024060_1,8,114.5,355.5,512.0,512.0,gutter,False
G0036430_21,1,253.5,142.0,512.0,464.0,container,False
G0036430_21,2,468.0,178.5,512.0,464.0,hose,False
G0036496_9,1,318.5,96.0,512.0,512.0,flower pot,False
G0036496_9,2,202.5,119.0,512.0,512.0,container,False
G0036496_9,3,348.0,87.0,512.0,512.0,flower pot,False
G0024039_20,1,371.5,244.0,512.0,464.0,umbrella,False
G0024081_1,1,320.0,357.0,512.0,512.0,chair,True
G0024081_1,2,143.5,134.0,512.0,512.0,awning,True
G0024081_1,3,294.0,216.0,512.0,512.0,porch,True
G0036508_23,1,144.0,309.0,440.0,464.0,trash bin,False
G0036429_2,1,308.0,418.5,512.0,512.0,flower pot,False
G0036429_2,2,329.0,414.5,512.0,512.0,flower pot,False
G0036429_2,3,346.0,416.5,512.0,512.0,flower pot,False
G0036429_2,4,277.5,455.5,512.0,512.0,flower pot,False
G0036429_2,5,293.5,447.0,512.0,512.0,flower pot,False
G0036429_2,6,330.5,438.5,512.0,512.0,flower pot,False
G0013880_8,1,215.0,380.0,512.0,512.0,toy,False
G0013880_8,2,496.0,298.0,512.0,512.0,toy,False
G0024047_13,1,144.0,394.5,512.0,512.0,container,False
G0024047_13,2,222.0,384.0,512.0,512.0,container,False
G0013846_1,1,354.5,374.5,512.0,512.0,porch,False
G0024041_15,1,74.5,98.5,512.0,512.0,trash,False
G0024055_22,1,357.5,274.0,512.0,464.0,flower pot,False
G0024055_22,2,395.0,255.5,512.0,464.0,container,False
G0013859_19,1,278.5,161.0,512.0,464.0,container,True
G0013845_12,1,151.0,407.0,512.0,512.0,car,False
G0036464_20,1,239.0,370.5,512.0,464.0,toy,True
G0036464_20,2,146.5,371.5,512.0,464.0,toy,True
G0036464_20,3,88.0,246.0,512.0,464.0,toy,True
G0036464_20,4,54.5,195.0,512.0,464.0,toy,True
G0036464_20,5,442.5,28.0,512.0,464.0,toy,True
G0024060_10,1,289.5,269.0,512.0,512.0,container,False
G0024060_10,2,288.5,306.5,512.0,512.0,container,False
G0024060_10,3,164.5,206.0,512.0,512.0,gutter,False
G0024060_10,4,368.5,219.0,512.0,512.0,gutter,False
G0024060_10,5,40.0,335.0,512.0,512.0,car,False
G0024060_10,6,33.0,76.5,512.0,512.0,car,False
G0013865_2,1,380.0,392.0,512.0,512.0,table,False
G0013865_2,2,418.5,495.5,512.0,512.0,toy,False
G0024019_12,1,367.0,157.0,512.0,512.0,porch,False
G0024019_12,2,429.5,252.0,512.0,512.0,chair,False
G0024019_12,3,469.0,242.0,512.0,512.0,table,False
G0013863_20,1,137.5,64.5,512.0,464.0,tent,False
G0024040_10,1,199.0,63.5,512.0,512.0,car,True
G0013867_3,1,178.5,348.0,512.0,512.0,air conditioner,True
G0024084_7,1,445.5,201.5,512.0,512.0,container,False
G0024084_7,2,337.0,207.0,512.0,512.0,container,False
G0024069_1,1,341.5,363.0,512.0,512.0,chair,False
G0036557_2,1,188.0,418.0,512.0,512.0,flower pot,False
G0036557_2,2,169.5,436.5,512.0,512.0,flower pot,False
G0036557_2,3,64.0,425.0,512.0,512.0,flower pot,False
G0013836_5,1,356.5,410.5,440.0,512.0,car,False
G0013858_5,1,98.0,342.5,440.0,512.0,trash bin,False
G0024068_2,1,95.5,326.0,512.0,512.0,table,True
G0024068_2,2,106.5,345.5,512.0,512.0,porch,True
G0024068_2,3,74.5,47.0,512.0,512.0,container,True
G0024068_2,4,28.5,52.0,512.0,512.0,container,True
G0024068_2,5,44.5,283.0,512.0,512.0,flower pot,True
G0013868_0,1,163.0,144.0,512.0,512.0,car,False
G0013876_11,1,335.0,340.5,440.0,512.0,chair,False
G0024069_19,1,324.0,68.0,512.0,464.0,trash bin,False
G0024069_19,2,284.0,60.0,512.0,464.0,trash bin,False
G0024069_19,3,364.0,148.0,512.0,464.0,container,False
G0024069_19,4,399.5,279.0,512.0,464.0,porch,False
G0036427_14,1,418.0,420.0,512.0,512.0,container,True
G0036427_14,2,417.5,433.0,512.0,512.0,container,True
G0036427_14,3,502.0,323.0,512.0,512.0,container,True
G0024061_7,1,355.5,70.5,512.0,512.0,table,False
G0024061_7,2,303.0,78.0,512.0,512.0,chair,False
G0024061_7,3,357.0,22.0,512.0,512.0,chair,False
G0013876_10,1,294.0,319.0,512.0,512.0,pool,False
G0036463_21,1,21.0,129.0,512.0,464.0,container,False
G0036463_21,2,86.5,55.5,512.0,464.0,container,False
G0036463_21,3,98.5,324.5,512.0,464.0,toy,False
G0036463_21,4,100.5,192.5,512.0,464.0,clutter,False
G0036484_10,1,377.5,396.5,512.0,512.0,trash bin,False
G0024055_6,1,185.0,269.5,512.0,512.0,car,True
G0024083_18,1,247.5,95.0,512.0,464.0,container,True
G0024070_22,1,49.5,176.5,512.0,464.0,tarp,False
G0036464_15,1,59.5,482.0,512.0,512.0,toy,False
G0024070_12,1,318.5,41.0,512.0,512.0,toy,False
G0024070_12,2,250.0,51.5,512.0,512.0,toy,False
G0024070_12,3,243.5,24.0,512.0,512.0,toy,False
G0024070_12,5,430.0,55.5,512.0,512.0,pool,False
G0024075_8,1,208.5,322.5,512.0,512.0,container,False
G0024075_8,2,188.5,335.0,512.0,512.0,container,False
G0036473_15,1,224.5,145.5,512.0,512.0,bucket,False
G0036473_15,2,244.5,172.0,512.0,512.0,bucket,False
G0036473_15,3,476.0,208.5,512.0,512.0,container,False
G0036473_15,4,474.5,247.5,512.0,512.0,container,False
G0024058_15,1,17.5,124.5,512.0,512.0,container,False
G0024058_15,2,13.0,141.0,512.0,512.0,container,False
G0024049_10,1,258.5,36.5,512.0,512.0,table,False
G0024049_10,2,248.5,180.0,512.0,512.0,toy,False
G0024049_10,3,79.0,233.5,512.0,512.0,chair,False
G0024049_10,4,29.5,194.5,512.0,512.0,toy,False
G0024029_7,1,428.0,466.5,512.0,512.0,umbrella,False
G0024055_11,1,181.0,383.5,440.0,512.0,trash,False
G0013886_2,1,424.0,317.0,512.0,512.0,car,False
G0036431_8,1,325.5,47.5,512.0,512.0,pool,False
G0013843_2,1,63.5,323.0,512.0,512.0,container,False
G0013843_2,2,26.0,415.0,512.0,512.0,container,False
G0013843_2,3,8.0,411.0,512.0,512.0,container,False
G0013843_2,4,64.5,324.0,512.0,512.0,flower pot,False
G0013843_2,5,23.5,417.0,512.0,512.0,flower pot,False
G0024033_13,1,183.0,93.5,512.0,512.0,container,False
G0024071_4,1,178.0,206.0,512.0,512.0,container,False
G0024071_4,2,245.0,395.0,512.0,512.0,toy,False
G0024071_4,3,247.5,397.0,512.0,512.0,kayak,False
G0013885_8,1,168.5,451.5,512.0,512.0,pot,False
G0013833_14,1,270.5,242.0,512.0,512.0,pool,False
G0013833_14,2,70.5,22.5,512.0,512.0,toy,False
G0013833_14,3,67.0,49.5,512.0,512.0,toy,False
G0024060_19,1,434.0,272.0,512.0,464.0,car,False
G0024036_2,1,259.0,130.0,512.0,512.0,container,False
G0024036_2,2,273.0,275.0,512.0,512.0,container,False
G0024036_2,3,3.5,330.5,512.0,512.0,container,False
G0013876_16,1,452.0,404.0,512.0,512.0,table,False
G0013831_2,1,139.5,145.5,512.0,512.0,air conditioner,True
G0013831_2,2,74.0,143.5,512.0,512.0,air conditioner,True
G0013831_2,4,296.5,50.0,512.0,512.0,container,True
G0013831_2,5,295.5,32.5,512.0,512.0,container,True
G0013831_2,6,296.0,33.0,512.0,512.0,flower pot,True
G0013831_2,7,296.5,49.0,512.0,512.0,flower pot,True
G0036449_23,1,49.5,337.5,440.0,464.0,container,False
G0013859_14,1,420.5,211.0,512.0,512.0,container,False
G0013866_8,1,103.0,311.5,512.0,512.0,toy,True
G0013889_14,1,95.0,253.5,512.0,512.0,chair,False
G0013889_14,2,194.0,300.0,512.0,512.0,porch,False
G0024074_14,1,55.5,471.0,512.0,512.0,flower pot,False
G0024074_14,2,38.0,484.0,512.0,512.0,flower pot,False
G0024074_14,3,56.0,466.5,512.0,512.0,container,False
G0024074_14,4,37.5,480.0,512.0,512.0,container,False
G0024036_19,1,343.5,350.0,512.0,464.0,pool,True
G0024038_2,1,277.0,305.5,512.0,512.0,flower pot,False
G0024038_2,2,136.0,431.0,512.0,512.0,tent,False
G0024038_2,3,424.0,234.0,512.0,512.0,umbrella,False
G0024068_8,1,164.0,138.0,512.0,512.0,container,True
G0024068_8,2,165.5,139.0,512.0,512.0,flower pot,True
G0036463_2,1,379.0,248.0,512.0,512.0,container,True
G0013843_1,1,341.0,174.0,512.0,512.0,container,False
G0013843_1,2,337.5,195.5,512.0,512.0,container,False
G0013843_1,3,355.5,224.0,512.0,512.0,container,False
G0013843_1,4,444.0,260.0,512.0,512.0,container,False
G0013843_1,5,459.5,431.5,512.0,512.0,container,False
G0013843_1,6,488.5,424.5,512.0,512.0,container,False
G0013843_1,8,378.5,182.0,512.0,512.0,flower pot,False
G0013843_1,9,367.0,213.5,512.0,512.0,porch,False
G0024061_22,1,303.5,123.5,512.0,464.0,table,False
G0013842_6,1,178.5,400.0,512.0,512.0,car,False
G0024090_6,1,92.0,77.0,512.0,512.0,car,True
G0036444_4,1,401.0,178.0,512.0,512.0,container,False
G0036444_4,2,427.0,174.0,512.0,512.0,container,False
G0024019_4,1,370.0,167.0,512.0,512.0,flower pot,False
G0024019_4,2,204.0,364.0,512.0,512.0,car,False
G0024070_6,1,428.0,437.5,512.0,512.0,pool,True
G0013870_12,1,286.0,328.0,512.0,512.0,car,False
G0013849_13,1,270.5,372.5,512.0,512.0,table,False
G0013849_13,2,281.0,282.0,512.0,512.0,porch,False
G0024085_20,1,99.5,345.5,512.0,464.0,container,False
G0024085_20,2,160.5,423.0,512.0,464.0,chair,False
G0013868_12,1,201.5,380.0,512.0,512.0,car,False
G0036442_8,1,385.0,270.0,512.0,512.0,toy,False
G0036442_8,2,487.5,235.0,512.0,512.0,container,False
G0013842_1,1,195.5,280.5,512.0,512.0,car,False
G0013842_1,2,263.0,158.0,512.0,512.0,container,False
G0036498_9,1,45.5,445.0,512.0,512.0,flower pot,False
G0036498_9,2,286.0,475.5,512.0,512.0,flower pot,False
G0036431_15,1,49.5,161.0,512.0,512.0,container,False
G0036453_15,1,155.0,148.5,512.0,512.0,flower pot,False
G0036453_15,2,13.5,167.5,512.0,512.0,pot,False
G0013866_9,1,253.5,225.5,512.0,512.0,air conditioner,True
G0024067_1,1,379.5,213.0,512.0,512.0,table,False
G0024067_1,2,404.0,153.5,512.0,512.0,porch,False
G0024057_15,1,152.0,314.5,512.0,512.0,container,False
G0024057_15,2,150.0,329.5,512.0,512.0,container,False
G0013831_13,1,108.5,382.0,512.0,512.0,toy,False
G0013859_12,1,483.5,469.0,512.0,512.0,container,False
G0024059_23,1,213.0,387.5,440.0,464.0,gutter,False
G0024059_23,2,426.0,192.0,440.0,464.0,gutter,False
G0024080_14,1,376.5,131.5,512.0,512.0,container,False
G0024080_14,2,494.0,145.5,512.0,512.0,container,False
G0024080_14,3,19.0,361.0,512.0,512.0,container,False
G0024080_14,4,18.0,360.0,512.0,512.0,flower pot,False
G0024080_14,6,56.0,129.0,512.0,512.0,chair,False
G0013856_22,1,191.5,166.5,512.0,464.0,chair,False
G0036465_15,1,46.5,431.5,512.0,512.0,toy,True
G0036465_15,2,60.0,28.5,512.0,512.0,container,True
G0013840_10,1,80.0,104.5,512.0,512.0,table,False
G0013840_10,2,157.0,26.5,512.0,512.0,table,False
G0013840_10,3,52.0,40.5,512.0,512.0,container,False
G0013864_16,1,419.0,404.0,512.0,512.0,trash bin,False
G0024057_9,1,80.5,318.0,512.0,512.0,container,False
G0024057_9,2,16.5,396.0,512.0,512.0,container,False
G0036502_3,1,170.0,357.0,512.0,512.0,container,False
G0036502_3,2,341.0,487.5,512.0,512.0,container,False
G0036502_3,3,368.5,494.0,512.0,512.0,container,False
G0013832_6,1,75.5,63.5,512.0,512.0,car,False
G0013832_6,2,72.5,319.0,512.0,512.0,car,False
G0013859_13,1,311.0,405.0,512.0,512.0,flower pot,False
G0013859_13,2,314.0,403.5,512.0,512.0,container,False
G0013859_13,3,367.0,462.5,512.0,512.0,table,False
G0024060_14,1,420.0,382.5,512.0,512.0,car,False
G0024060_14,2,160.5,42.5,512.0,512.0,car,False
G0036432_2,1,142.5,126.5,512.0,512.0,pool,False
G0013831_9,2,104.5,488.0,512.0,512.0,flower pot,False
G0013831_9,3,104.0,486.0,512.0,512.0,container,False
G0013831_9,4,313.5,453.5,512.0,512.0,car,False
G0024066_6,1,165.0,66.5,512.0,512.0,car,False
G0024057_0,1,228.0,248.5,512.0,512.0,car,False
G0013863_13,1,353.0,118.0,512.0,512.0,container,False
G0024086_3,1,333.5,420.5,512.0,512.0,drain,False
G0024049_9,1,450.0,222.5,512.0,512.0,toy,False
G0024049_9,2,396.0,40.0,512.0,512.0,toy,False
G0024049_9,3,353.0,192.5,512.0,512.0,pool,False
G0024044_12,1,493.0,116.0,512.0,512.0,container,False
G0024044_12,2,422.5,205.5,512.0,512.0,container,False
G0036449_21,1,293.0,86.0,512.0,464.0,flower pot,False
G0036449_21,2,327.0,158.5,512.0,464.0,flower pot,False
G0036449_21,3,337.5,14.5,512.0,464.0,container,False
G0036449_21,4,379.0,131.5,512.0,464.0,porch,False
G0024066_12,1,146.0,358.5,512.0,512.0,car,False
G0024066_12,2,401.5,394.5,512.0,512.0,car,False
G0013868_1,1,101.0,338.5,512.0,512.0,car,False
G0013868_1,2,356.0,414.5,512.0,512.0,car,False
G0036427_12,1,20.0,14.0,512.0,512.0,trash bin,False
G0024021_16,2,219.5,436.5,512.0,512.0,car,False
G0036461_10,1,244.5,228.0,512.0,512.0,toy,True
G0013843_7,2,339.0,229.5,512.0,512.0,toy,False
G0013843_7,5,365.5,331.5,512.0,512.0,container,False
G0013843_7,6,234.5,449.0,512.0,512.0,chair,False
G0013843_7,7,250.0,368.0,512.0,512.0,chair,False
G0024062_20,1,207.0,193.0,512.0,464.0,trash bin,False
G0024062_20,2,181.5,224.0,512.0,464.0,trash bin,False
G0024062_20,3,222.5,254.5,512.0,464.0,trash bin,False
G0024062_20,4,202.5,193.5,512.0,464.0,container,False
G0024062_20,5,220.0,254.0,512.0,464.0,container,False
G0024062_20,6,180.5,226.0,512.0,464.0,container,False
G0013832_3,1,359.0,45.0,512.0,512.0,chair,False
G0013832_3,2,31.5,107.0,512.0,512.0,container,False
G0013832_3,3,34.0,182.5,512.0,512.0,container,False
G0024058_10,1,106.0,213.5,512.0,512.0,container,False
G0024058_10,2,146.0,203.0,512.0,512.0,container,False
G0024058_10,3,163.0,206.5,512.0,512.0,container,False
G0024058_10,4,280.5,377.5,512.0,512.0,umbrella,False
G0024058_10,5,198.0,480.5,512.0,512.0,toy,False
G0024058_10,6,376.5,220.5,512.0,512.0,table,False
G0024058_10,7,60.5,282.5,512.0,512.0,container,False
G0013848_9,1,255.5,405.0,512.0,512.0,table,True
G0024018_14,1,278.5,342.5,512.0,512.0,gutter,False
G0024026_6,1,374.0,492.5,512.0,512.0,flower pot,False
G0024026_6,2,442.0,448.5,512.0,512.0,chair,False
G0024026_6,3,425.5,369.5,512.0,512.0,chair,False
G0036474_18,1,318.0,61.0,512.0,464.0,container,False
G0036474_18,2,219.5,59.5,512.0,464.0,container,False
G0036558_1,1,173.5,289.5,512.0,512.0,container,False
G0036558_1,2,276.0,302.5,512.0,512.0,pot,False
G0013854_22,1,198.5,128.5,512.0,464.0,trash,False
G0013854_22,2,208.5,126.5,512.0,464.0,clutter,False
G0024029_2,1,203.0,338.0,512.0,512.0,car,True
G0013875_2,1,371.0,206.5,512.0,512.0,hose,True
G0024030_23,1,52.5,338.5,440.0,464.0,table,False
G0024059_6,1,375.5,67.0,512.0,512.0,car,False
G0024061_19,1,357.0,224.5,512.0,464.0,container,False
G0036459_12,1,339.5,29.5,512.0,512.0,container,False
G0024037_15,1,323.5,324.0,512.0,512.0,trash,True
G0024039_16,1,89.5,36.5,512.0,512.0,container,False
G0013877_21,1,489.0,283.5,512.0,464.0,pot,False
G0013877_21,2,489.5,288.0,512.0,464.0,container,False
G0013877_21,3,217.0,165.0,512.0,464.0,tarp,False
G0013877_21,4,406.5,344.0,512.0,464.0,tarp,False
G0024050_2,1,56.5,239.5,512.0,512.0,pool,True
G0013880_9,1,157.5,208.0,512.0,512.0,clutter,False
G0024084_10,1,311.0,89.0,512.0,512.0,table,False
G0024084_10,2,408.0,109.5,512.0,512.0,chair,False
G0024084_10,3,438.5,114.5,512.0,512.0,table,False
G0024084_10,4,460.5,110.0,512.0,512.0,container,False
G0024031_11,1,103.5,330.5,440.0,512.0,basketball,False
G0013882_14,2,191.0,220.5,512.0,512.0,container,False
G0024061_14,1,221.5,390.5,512.0,512.0,container,False
G0024061_14,2,198.0,416.0,512.0,512.0,container,False
G0024061_14,3,234.5,450.5,512.0,512.0,container,False
G0024061_14,4,221.5,392.0,512.0,512.0,trash bin,False
G0024061_14,5,198.0,419.5,512.0,512.0,trash bin,False
G0024061_14,6,239.0,453.5,512.0,512.0,trash bin,False
G0013834_12,1,459.5,68.0,512.0,512.0,container,False
G0013834_12,2,484.0,61.0,512.0,512.0,container,False
G0013834_12,3,493.0,71.5,512.0,512.0,container,False
G0013834_12,4,206.0,45.5,512.0,512.0,car,False
G0024075_15,1,242.0,59.5,512.0,512.0,car,False
G0013842_8,1,153.0,255.0,512.0,512.0,porch,True
G0036458_17,1,322.5,234.5,440.0,512.0,container,False
G0024074_22,1,305.5,90.5,512.0,464.0,car,False
G0024077_10,1,183.5,308.0,512.0,512.0,tarp,False
G0013848_1,1,344.5,278.5,512.0,512.0,trash bin,False
G0013848_1,2,347.5,260.0,512.0,512.0,container,False
G0013848_1,3,328.5,233.0,512.0,512.0,trash bin,False
G0013848_1,4,311.0,275.5,512.0,512.0,container,False
G0013848_1,5,467.0,70.5,512.0,512.0,porch,False
G0013863_2,1,344.5,282.5,512.0,512.0,car,False
G0013863_2,2,335.5,78.5,512.0,512.0,air conditioner,False
G0013863_2,3,143.5,375.0,512.0,512.0,trash bin,False
G0013844_6,1,105.5,159.5,512.0,512.0,ladder,True
G0013887_7,1,233.0,422.0,512.0,512.0,container,False
G0013887_7,2,185.0,459.5,512.0,512.0,container,False
G0013887_7,3,51.5,412.5,512.0,512.0,container,False
G0013887_7,4,354.5,474.0,512.0,512.0,container,False
G0013867_13,1,59.0,25.5,512.0,512.0,toy,False
G0013858_1,1,90.5,247.0,512.0,512.0,chair,False
G0013858_1,2,65.0,146.5,512.0,512.0,container,False
G0013858_1,3,66.0,131.0,512.0,512.0,container,False
G0013858_1,4,55.0,408.0,512.0,512.0,chair,False
G0024018_1,1,111.5,326.0,512.0,512.0,porch,True
G0024018_1,2,60.0,305.5,512.0,512.0,chair,True
G0024018_1,3,144.0,297.5,512.0,512.0,chair,True
G0024018_1,4,52.5,340.0,512.0,512.0,chair,True
G0024018_4,1,53.0,188.5,512.0,512.0,trash bin,True
G0024018_4,2,45.5,269.5,512.0,512.0,trash bin,True
G0013865_22,1,202.5,332.0,512.0,464.0,table,True
G0013865_22,2,162.0,354.0,512.0,464.0,chair,True
G0013865_22,3,114.0,295.5,512.0,464.0,chair,True
G0013865_22,4,178.0,251.0,512.0,464.0,chair,True
G0013865_22,5,277.5,337.0,512.0,464.0,chair,True
G0013865_22,6,202.5,373.5,512.0,464.0,chair,True
G0013865_22,7,95.5,362.5,512.0,464.0,chair,True
G0013865_22,8,186.5,320.0,512.0,464.0,porch,True
G0013853_2,1,193.0,60.0,512.0,512.0,hose,False
G0013831_21,1,408.0,263.5,512.0,464.0,tent,True
G0024039_8,1,152.5,100.5,512.0,512.0,car,False
G0024039_8,2,474.5,395.5,512.0,512.0,car,False
G0024039_8,3,103.0,331.0,512.0,512.0,flower pot,False
G0024039_8,4,121.0,339.0,512.0,512.0,flower pot,False
G0024039_8,5,275.0,361.5,512.0,512.0,flower pot,False
G0024055_1,1,409.5,267.0,512.0,512.0,car,True
G0036473_9,1,297.5,488.0,512.0,512.0,container,False
G0036434_9,1,110.0,61.0,512.0,512.0,flower pot,False
G0024029_18,1,225.0,210.5,512.0,464.0,car,False
G0013863_8,1,162.5,249.5,512.0,512.0,porch,False
G0013863_8,2,185.0,178.5,512.0,512.0,chair,False
G0013863_8,3,246.5,162.0,512.0,512.0,chair,False
G0013863_8,4,164.0,334.5,512.0,512.0,chair,False
G0013863_8,5,209.0,287.5,512.0,512.0,chair,False
G0013863_8,6,216.5,247.5,512.0,512.0,chair,False
G0013863_8,7,126.5,42.5,512.0,512.0,air conditioner,False
G0024030_22,1,301.0,376.0,512.0,464.0,umbrella,False
G0024035_8,1,230.0,281.5,512.0,512.0,container,False
G0024035_8,2,14.5,247.5,512.0,512.0,container,False
G0024035_8,3,392.0,273.5,512.0,512.0,table,False
G0024035_8,4,458.5,220.5,512.0,512.0,chair,False
G0024035_8,5,399.5,216.0,512.0,512.0,chair,False
G0024035_8,6,360.5,220.0,512.0,512.0,chair,False
G0024035_8,7,310.0,248.0,512.0,512.0,chair,False
G0024035_8,8,89.5,380.0,512.0,512.0,car,False
G0024085_22,1,428.5,341.5,512.0,464.0,table,False
G0036494_3,1,270.0,209.0,512.0,512.0,hose,False
G0024044_19,1,287.0,145.5,512.0,464.0,umbrella,False
G0024070_7,1,172.0,410.5,512.0,512.0,pool,False
G0036451_22,1,238.5,420.5,512.0,464.0,container,True
G0036451_22,2,260.5,403.5,512.0,464.0,container,True
G0013870_15,1,376.5,390.5,512.0,512.0,drain,False
G0013861_11,1,170.5,454.5,440.0,512.0,ladder,False
G0013852_13,1,268.5,337.5,512.0,512.0,porch,False
G0013852_13,2,237.5,357.5,512.0,512.0,clutter,False
G0024062_21,1,151.0,218.0,512.0,464.0,container,False
G0024062_21,2,403.0,341.0,512.0,464.0,car,False
G0024043_11,1,206.0,68.0,440.0,512.0,car,False
G0024017_8,1,287.5,257.5,512.0,512.0,car,False
G0024061_16,1,142.0,371.0,512.0,512.0,table,True
G0024061_16,2,70.5,379.5,512.0,512.0,chair,True
G0024061_16,3,314.0,418.5,512.0,512.0,chair,True
G0024061_16,4,339.0,390.0,512.0,512.0,toy,True
G0036491_3,1,343.5,257.0,512.0,512.0,hose,False
G0036451_16,1,289.0,424.5,512.0,512.0,container,False
G0013831_3,1,51.0,65.0,512.0,512.0,tarp,False
G0013831_3,2,24.0,172.5,512.0,512.0,chair,False
G0024059_19,1,166.5,327.5,512.0,464.0,gutter,True
G0024059_19,2,371.0,360.0,512.0,464.0,gutter,True
G0036461_14,1,171.0,320.0,512.0,512.0,pot,True
G0036461_14,2,129.5,395.5,512.0,512.0,pot,True
G0036461_14,3,343.0,283.5,512.0,512.0,container,True
G0036461_14,4,221.5,475.0,512.0,512.0,flower pot,True
G0024071_8,1,315.5,147.5,512.0,512.0,pool,False
G0024071_8,2,96.0,179.0,512.0,512.0,basketball,False
G0036427_6,1,16.0,439.0,512.0,512.0,trash bin,True
G0013845_8,1,32.0,205.0,512.0,512.0,porch,False
G0013876_17,1,384.5,69.5,440.0,512.0,clutter,True
G0013876_17,2,385.0,432.0,440.0,512.0,clutter,True
G0024037_13,1,62.5,257.0,512.0,512.0,trash bin,False
G0024037_13,2,359.5,448.0,512.0,512.0,container,False
G0024037_13,3,497.5,460.0,512.0,512.0,container,False
G0024068_11,1,80.5,368.5,440.0,512.0,container,False
G0024055_17,1,290.5,182.5,440.0,512.0,container,False
G0024070_15,1,388.5,208.5,512.0,512.0,toy,False
G0024070_15,2,389.5,209.0,512.0,512.0,kayak,False
G0013832_2,1,328.0,209.0,512.0,512.0,pool,False
G0013832_2,2,63.5,116.0,512.0,512.0,table,False
G0036450_23,1,177.0,39.5,440.0,464.0,container,False
G0013831_10,1,234.5,307.0,512.0,512.0,kayak,False
G0013831_10,2,236.5,331.5,512.0,512.0,kayak,False
G0013846_15,1,438.5,173.0,512.0,512.0,car,False
G0024051_0,1,411.5,132.0,512.0,512.0,container,True
G0024060_18,1,292.0,347.5,512.0,464.0,car,True
G0024035_4,1,313.0,418.0,512.0,512.0,basketball,False
G0024035_4,2,237.5,274.5,512.0,512.0,container,False
G0024035_4,3,237.5,284.5,512.0,512.0,container,False
G0024035_4,4,238.5,298.5,512.0,512.0,container,False
G0024035_4,5,239.0,310.0,512.0,512.0,container,False
G0024035_4,6,230.5,318.5,512.0,512.0,container,False
G0024035_4,7,371.0,80.0,512.0,512.0,table,False
G0024035_4,8,292.0,16.0,512.0,512.0,container,False
G0013854_2,1,353.5,385.0,512.0,512.0,table,False
G0013854_2,2,363.5,328.5,512.0,512.0,chair,False
G0013854_2,3,323.0,346.5,512.0,512.0,chair,False
G0013854_2,4,407.0,365.5,512.0,512.0,chair,False
G0013854_2,5,321.0,405.0,512.0,512.0,chair,False
G0013854_2,6,382.5,420.5,512.0,512.0,chair,False
G0024084_5,1,152.5,348.0,440.0,512.0,porch,False
G0024084_8,1,242.5,209.5,512.0,512.0,container,False
G0024084_8,2,113.0,210.5,512.0,512.0,container,False
G0024084_8,3,194.0,301.5,512.0,512.0,awning,False
G0024084_8,4,407.5,401.0,512.0,512.0,porch,False
G0024084_8,5,69.0,48.0,512.0,512.0,umbrella,False
G0024084_8,6,385.0,426.0,512.0,512.0,chair,False
G0024084_8,7,429.5,481.5,512.0,512.0,chair,False
G0024056_17,1,310.0,89.5,440.0,512.0,car,False
G0024058_9,1,491.5,322.5,512.0,512.0,container,True
G0024058_9,2,488.5,213.5,512.0,512.0,container,True
G0024058_9,3,460.0,219.5,512.0,512.0,container,True
G0024086_2,1,210.0,151.0,512.0,512.0,container,False
G0024086_2,2,183.0,169.0,512.0,512.0,container,False
G0013842_12,1,200.0,398.0,512.0,512.0,car,False
G0036444_3,1,53.5,402.5,512.0,512.0,container,False
G0024020_17,1,90.0,167.0,440.0,512.0,trash bin,False
G0036442_9,1,21.0,257.0,512.0,512.0,container,False
G0036442_9,2,168.0,210.0,512.0,512.0,container,False
G0024070_10,1,336.0,423.0,512.0,512.0,container,False
G0013832_5,1,220.5,128.5,440.0,512.0,chair,False
G0036431_2,1,221.0,281.0,512.0,512.0,pool,True
G0036458_23,1,364.0,44.0,440.0,464.0,container,False
G0036458_23,2,52.5,160.5,440.0,464.0,container,False
G0036458_23,3,15.0,164.5,440.0,464.0,container,False
G0013836_19,1,430.5,338.0,512.0,464.0,umbrella,False
G0013836_19,2,408.0,110.0,512.0,464.0,chair,False
G0024060_15,1,397.5,283.5,512.0,512.0,drain,False
G0024060_15,2,87.5,373.0,512.0,512.0,car,False
G0036457_19,1,64.0,407.5,512.0,464.0,container,False
G0024056_8,1,386.0,29.5,512.0,512.0,container,False
G0024056_8,2,392.5,30.5,512.0,512.0,flower pot,False
G0024056_8,3,458.0,11.0,512.0,512.0,container,False
G0036536_9,1,241.0,8.0,512.0,512.0,container,False
G0036536_9,2,239.0,30.5,512.0,512.0,container,False
G0013833_10,1,311.5,292.0,512.0,512.0,air conditioner,True
G0013884_7,1,131.5,50.0,512.0,512.0,pot,False
G0024044_10,1,70.5,335.0,512.0,512.0,car,False
G0036473_10,1,162.0,497.0,512.0,512.0,container,True
G0013877_2,1,87.5,248.5,512.0,512.0,container,False
G0013877_2,2,89.0,250.0,512.0,512.0,pot,False
G0024035_12,1,214.5,45.0,512.0,512.0,chair,False
G0024035_12,2,283.0,32.5,512.0,512.0,chair,False
G0013843_10,2,240.5,36.0,512.0,512.0,chair,False
G0036539_18,1,79.0,56.5,512.0,464.0,container,False
G0024052_23,1,59.5,444.5,440.0,464.0,container,False
G0024052_23,2,281.0,440.0,440.0,464.0,container,False
G0036445_2,1,61.0,168.5,512.0,512.0,container,False
G0036445_2,2,10.0,155.0,512.0,512.0,container,False
G0036445_2,3,31.0,233.0,512.0,512.0,flower pot,False
G0036445_2,4,78.0,327.0,512.0,512.0,flower pot,False
G0036445_2,5,127.0,413.5,512.0,512.0,flower pot,False
G0036445_2,6,38.0,431.5,512.0,512.0,pool,False
G0024057_16,1,161.0,46.5,512.0,512.0,container,False
G0024057_16,2,442.5,125.0,512.0,512.0,umbrella,False
G0024018_20,1,334.0,174.5,512.0,464.0,car,False
G0024076_10,1,271.0,194.0,512.0,512.0,table,False
G0024076_10,2,437.5,228.0,512.0,512.0,table,False
G0024076_10,3,435.5,163.5,512.0,512.0,chair,False
G0024076_10,4,422.0,304.5,512.0,512.0,chair,False
G0024076_10,5,335.5,211.5,512.0,512.0,chair,False
G0013867_7,1,310.0,315.5,512.0,512.0,porch,True
G0013867_7,2,341.5,281.5,512.0,512.0,table,True
G0013867_7,3,264.0,458.0,512.0,512.0,table,True
G0024085_23,1,92.0,367.5,440.0,464.0,container,False
G0024085_23,2,65.0,362.5,440.0,464.0,container,False
G0024085_23,3,22.5,367.5,440.0,464.0,chair,False
G0024085_23,4,249.0,423.0,440.0,464.0,table,False
G0013831_6,1,360.0,438.5,512.0,512.0,table,False
G0013835_5,1,137.5,234.0,440.0,512.0,car,False
G0013847_2,1,400.5,235.5,512.0,512.0,flower pot,False
G0013847_2,2,390.0,383.0,512.0,512.0,flower pot,False
G0013847_2,3,333.5,440.5,512.0,512.0,flower pot,False
G0013847_2,4,400.5,240.0,512.0,512.0,container,False
G0013847_2,5,394.0,383.5,512.0,512.0,container,False
G0013847_2,7,171.0,416.0,512.0,512.0,basketball,False
G0036427_20,1,53.0,136.5,512.0,464.0,hose,False
G0036545_18,1,436.5,309.5,512.0,464.0,container,True
G0036545_18,2,373.0,368.0,512.0,464.0,container,True
G0036545_18,3,421.0,391.0,512.0,464.0,container,True
G0036545_18,4,372.0,442.0,512.0,464.0,container,True
G0036545_18,5,346.0,447.5,512.0,464.0,container,True
G0013841_7,1,415.5,245.5,512.0,512.0,chair,True
G0013841_7,2,447.5,357.0,512.0,512.0,chair,True
G0013841_7,3,474.0,331.5,512.0,512.0,table,True
G0024060_2,1,291.5,24.5,512.0,512.0,container,False
G0024060_2,2,291.5,32.0,512.0,512.0,trash bin,False
G0013854_16,1,57.5,286.5,512.0,512.0,trash bin,False
G0013854_16,2,89.0,277.0,512.0,512.0,trash bin,False
G0013854_16,3,124.0,321.5,512.0,512.0,container,False
G0013854_16,4,88.0,275.5,512.0,512.0,container,False
G0013854_16,5,59.5,284.0,512.0,512.0,container,False
G0024051_4,1,102.0,213.0,512.0,512.0,flower pot,False
G0024051_4,2,71.0,432.0,512.0,512.0,chair,False
G0024051_4,3,144.5,368.0,512.0,512.0,chair,False
G0024051_4,4,129.0,484.5,512.0,512.0,chair,False
G0036460_4,1,230.0,243.0,512.0,512.0,container,False
G0024070_16,1,54.5,203.0,512.0,512.0,hose,True
G0024070_16,2,412.5,265.5,512.0,512.0,porch,True
G0036436_15,1,337.0,386.5,512.0,512.0,gutter,False
G0024043_5,1,131.5,272.0,440.0,512.0,car,False
G0013835_14,1,154.5,389.5,512.0,512.0,toy,False
G0013835_14,2,247.0,392.0,512.0,512.0,toy,False
G0013835_14,3,182.0,378.0,512.0,512.0,toy,False
G0013835_14,4,223.5,152.5,512.0,512.0,pool,False
G0013835_14,5,108.5,386.0,512.0,512.0,chair,False
G0013857_1,1,429.0,132.0,512.0,512.0,flower pot,False
G0013857_1,2,437.0,150.5,512.0,512.0,container,False
G0024083_19,1,152.0,197.0,512.0,464.0,container,False
G0036499_18,1,18.5,278.0,512.0,464.0,bucket,False
G0013835_7,1,492.0,308.5,512.0,512.0,container,False
G0013864_10,1,278.0,436.5,512.0,512.0,table,False
G0013864_10,2,446.0,248.0,512.0,512.0,chair,False
G0013864_10,3,450.0,167.5,512.0,512.0,chair,False
G0013864_10,4,414.0,215.5,512.0,512.0,porch,False
G0024030_4,1,326.0,385.5,512.0,512.0,umbrella,False
G0024052_22,1,18.0,80.5,512.0,464.0,container,False
G0024052_22,2,70.0,212.5,512.0,464.0,chair,False
G0013868_23,1,107.5,296.5,440.0,464.0,car,False
G0036430_8,1,393.0,135.0,512.0,512.0,pool,False
G0036430_8,2,238.0,192.5,512.0,512.0,flower pot,False
G0013855_19,1,225.5,272.0,512.0,464.0,porch,False
G0013862_7,1,469.5,105.0,512.0,512.0,flower pot,False
G0013862_7,2,438.0,123.0,512.0,512.0,flower pot,False
G0013862_7,3,464.0,72.0,512.0,512.0,flower pot,False
G0013877_12,1,295.0,259.5,512.0,512.0,table,False
G0024061_13,1,346.0,215.0,512.0,512.0,container,False
G0024061_13,2,271.0,255.0,512.0,512.0,container,False
G0024061_13,3,309.0,318.0,512.0,512.0,container,False
G0024061_13,4,252.5,450.0,512.0,512.0,chair,False
G0013846_7,1,400.0,131.5,512.0,512.0,umbrella,False
G0013846_7,2,378.5,131.5,512.0,512.0,porch,False
G0024071_7,1,423.0,328.0,512.0,512.0,trash bin,False
G0036504_0,1,137.5,197.0,512.0,512.0,flower pot,False
G0036504_0,2,161.5,173.5,512.0,512.0,flower pot,False
G0036504_0,3,187.0,155.0,512.0,512.0,flower pot,False
G0036504_0,4,205.0,136.5,512.0,512.0,flower pot,False
G0036504_0,5,261.5,79.5,512.0,512.0,flower pot,False
G0036504_0,6,286.0,59.5,512.0,512.0,flower pot,False
G0036504_0,7,242.0,99.5,512.0,512.0,flower pot,False
G0036504_0,8,221.5,122.0,512.0,512.0,flower pot,False
G0024071_23,1,77.5,210.0,440.0,464.0,pool,True
G0024080_2,1,405.0,338.0,512.0,512.0,chair,False
G0024080_2,2,368.0,234.5,512.0,512.0,chair,False
G0024080_2,3,134.5,147.0,512.0,512.0,container,False
G0024057_12,1,349.5,306.0,512.0,512.0,car,True
G0013879_5,1,265.0,154.5,440.0,512.0,table,False
G0024056_9,1,379.5,158.5,512.0,512.0,car,True
G0024040_16,1,200.5,39.0,512.0,512.0,container,False
G0024057_14,1,395.0,227.0,512.0,512.0,pool,True
G0013864_11,1,111.5,204.0,440.0,512.0,chair,False
G0013864_11,2,47.5,187.5,440.0,512.0,table,False
G0024082_3,1,99.5,154.5,512.0,512.0,flower pot,False
G0024082_3,2,86.5,227.0,512.0,512.0,flower pot,False
G0024082_3,3,79.0,286.0,512.0,512.0,flower pot,False
G0024082_3,4,96.5,70.5,512.0,512.0,flower pot,False
G0013877_15,1,326.5,59.5,512.0,512.0,trash bin,False
G0013877_15,2,340.5,13.0,512.0,512.0,trash bin,False
G0036433_21,1,23.0,17.0,512.0,464.0,flower pot,False
G0024069_3,1,478.0,194.5,512.0,512.0,tarp,False
G0024072_10,2,106.5,485.5,512.0,512.0,container,False
G0036437_2,1,196.5,477.0,512.0,512.0,toy,False
G0036437_2,2,353.0,473.0,512.0,512.0,container,False
G0013849_1,1,471.0,379.0,512.0,512.0,table,False
G0013849_1,2,444.0,431.5,512.0,512.0,chair,False
G0013849_1,3,449.0,341.0,512.0,512.0,table,False
G0024075_4,1,115.5,347.5,512.0,512.0,tarp,True
G0024075_4,2,174.5,390.5,512.0,512.0,tarp,True
G0024075_4,3,389.0,255.0,512.0,512.0,chair,True
G0024075_4,4,481.5,347.0,512.0,512.0,chair,True
G0024087_22,1,147.0,251.0,512.0,464.0,car,False
G0024069_7,1,434.5,438.0,512.0,512.0,umbrella,False
G0036428_19,1,210.5,53.5,512.0,464.0,hose,False
G0013835_10,1,399.5,322.0,512.0,512.0,car,False
G0024052_17,1,204.0,142.0,440.0,512.0,trash bin,False
G0013844_0,1,131.5,233.5,512.0,512.0,car,False
G0013835_13,1,234.5,362.5,512.0,512.0,chair,False
G0036463_14,1,477.0,421.0,512.0,512.0,bucket,False
G0036463_14,2,501.5,406.0,512.0,512.0,bucket,False
G0036463_14,3,403.5,443.0,512.0,512.0,clutter,False
G0036463_14,4,393.5,248.0,512.0,512.0,ladder,False
G0024031_16,1,349.0,370.0,512.0,512.0,umbrella,False
G0024031_16,2,243.0,385.5,512.0,512.0,porch,False
G0036490_9,1,390.0,410.0,512.0,512.0,flower pot,False
G0036490_9,2,467.5,118.0,512.0,512.0,flower pot,False
G0036490_9,3,489.5,120.5,512.0,512.0,flower pot,False
G0024040_11,1,284.5,56.5,440.0,512.0,car,False
G0024059_16,1,27.5,490.0,512.0,512.0,air conditioner,False
G0024035_5,1,50.5,186.5,440.0,512.0,kayak,True
G0024055_2,1,239.0,145.5,512.0,512.0,car,False
G0024084_11,1,215.0,53.0,440.0,512.0,chair,False
G0024084_11,2,131.0,31.0,440.0,512.0,table,False
G0024059_22,1,290.5,423.0,512.0,464.0,toy,False
G0024059_22,2,324.0,401.5,512.0,464.0,gutter,False
G0024059_22,3,139.0,208.0,512.0,464.0,gutter,False
G0024059_22,4,89.5,281.0,512.0,464.0,chair,False
G0024059_22,5,59.0,191.0,512.0,464.0,container,False
G0024059_22,6,33.0,189.0,512.0,464.0,container,False
G0024059_22,7,36.0,204.5,512.0,464.0,container,False
G0036499_17,1,270.5,291.0,440.0,512.0,trash bin,True
G0013859_18,1,435.0,80.5,512.0,464.0,table,True
G0013855_21,1,223.0,30.5,512.0,464.0,trash bin,False
G0013855_21,2,227.0,59.0,512.0,464.0,trash bin,False
G0013855_21,3,195.5,80.0,512.0,464.0,trash bin,False
G0013855_21,4,224.0,85.0,512.0,464.0,trash bin,False
G0013855_21,5,211.0,109.0,512.0,464.0,trash bin,False
G0013855_21,6,234.0,139.0,512.0,464.0,trash bin,False
G0013855_21,7,197.0,80.5,512.0,464.0,container,False
G0013855_21,8,228.0,85.0,512.0,464.0,container,False
G0013855_21,9,238.5,139.5,512.0,464.0,container,False
G0013855_21,10,145.0,381.0,512.0,464.0,container,False
G0013855_21,11,130.0,368.5,512.0,464.0,container,False
G0013855_21,12,160.5,431.0,512.0,464.0,trash,False
G0013855_21,13,160.0,433.0,512.0,464.0,clutter,False
G0024073_0,1,304.0,248.0,512.0,512.0,container,False
G0024073_0,2,230.0,198.5,512.0,512.0,container,False
G0024059_17,1,220.5,96.5,440.0,512.0,gutter,False
G0024038_6,1,302.0,456.5,512.0,512.0,container,False
G0024088_10,1,232.0,402.0,512.0,512.0,chair,True
G0024088_10,2,321.5,159.5,512.0,512.0,table,True
G0024088_10,3,304.0,153.5,512.0,512.0,porch,True
G0024088_10,4,343.0,333.5,512.0,512.0,table,True
G0036549_21,1,323.5,328.0,512.0,464.0,flower pot,False
G0036549_21,2,359.5,335.0,512.0,464.0,flower pot,False
G0036460_17,1,29.0,325.0,440.0,512.0,toy,True
G0013855_9,1,380.5,316.5,512.0,512.0,umbrella,False
G0013855_9,2,367.0,333.5,512.0,512.0,porch,False
G0013856_16,1,487.5,336.5,512.0,512.0,hose,False
G0024037_12,1,373.5,113.5,512.0,512.0,car,False
G0013864_2,1,169.5,332.0,512.0,512.0,container,False
G0013879_15,1,314.5,229.5,512.0,512.0,container,True
G0013879_15,2,314.5,235.0,512.0,512.0,pot,True
G0013879_15,3,448.0,374.0,512.0,512.0,pot,True
G0013879_15,4,447.0,376.0,512.0,512.0,container,True
G0024037_9,1,357.0,355.0,512.0,512.0,container,False
G0036509_17,1,20.0,78.0,440.0,512.0,container,True
G0024057_10,1,157.5,215.5,512.0,512.0,air conditioner,False
G0024057_10,2,164.5,448.0,512.0,512.0,container,False
G0024057_10,3,339.5,460.0,512.0,512.0,table,False
G0024057_10,4,300.0,462.5,512.0,512.0,container,False
G0024057_10,5,356.5,461.0,512.0,512.0,container,False
G0024060_21,1,300.5,200.5,512.0,464.0,car,False
G0024060_21,2,448.5,235.5,512.0,464.0,drain,False
G0036431_16,1,353.5,172.5,512.0,512.0,flower pot,False
G0036431_16,2,381.0,174.0,512.0,512.0,flower pot,False
G0036431_16,3,353.5,188.5,512.0,512.0,flower pot,False
G0036431_16,4,477.0,278.0,512.0,512.0,container,False
G0036431_16,5,301.5,60.5,512.0,512.0,air conditioner,False
G0024074_1,1,194.5,257.5,512.0,512.0,table,False
G0024074_1,2,230.0,339.0,512.0,512.0,chair,False
G0024074_1,3,163.5,349.5,512.0,512.0,chair,False
G0024074_1,4,161.5,415.0,512.0,512.0,chair,False
G0024074_1,5,161.0,183.0,512.0,512.0,chair,False
G0024074_1,6,129.0,254.0,512.0,512.0,chair,False
G0024074_1,7,153.0,296.0,512.0,512.0,chair,False
G0024074_1,8,61.5,147.0,512.0,512.0,container,False
G0024074_1,9,63.5,201.0,512.0,512.0,container,False
G0024074_1,10,425.5,58.5,512.0,512.0,chair,False
G0024084_13,1,53.0,249.0,512.0,512.0,container,True
G0024084_13,2,59.0,227.5,512.0,512.0,chair,True
G0013858_12,1,221.5,228.5,512.0,512.0,air conditioner,False
G0013858_12,2,294.0,243.0,512.0,512.0,air conditioner,False
G0013858_12,3,465.0,165.5,512.0,512.0,table,False
G0013858_12,4,47.0,97.5,512.0,512.0,car,False
G0013868_5,1,197.0,360.0,440.0,512.0,car,False
G0013868_2,1,138.0,458.5,512.0,512.0,car,False
G0013882_6,1,365.0,169.0,512.0,512.0,pot,False
G0036500_12,1,305.0,359.0,512.0,512.0,basketball,True
G0024058_8,1,343.0,241.0,512.0,512.0,container,False
G0024058_8,2,320.0,270.5,512.0,512.0,container,False
G0024058_8,3,396.0,157.5,512.0,512.0,container,False
G0024058_8,4,397.5,158.0,512.0,512.0,flower pot,False
G0024058_8,5,266.0,14.0,512.0,512.0,container,False
G0024058_8,6,85.5,23.5,512.0,512.0,gutter,False
G0013861_1,1,24.5,445.0,512.0,512.0,container,False
G0024058_21,1,126.5,264.0,512.0,464.0,container,False
G0024058_21,2,365.0,133.0,512.0,464.0,trash,False
G0024073_13,1,90.5,217.0,512.0,512.0,car,True
G0013869_3,1,363.5,157.5,512.0,512.0,drain,True
G0024082_7,1,391.0,174.0,512.0,512.0,container,False
G0024082_7,2,369.5,284.0,512.0,512.0,container,False
G0024082_7,3,399.5,292.0,512.0,512.0,container,False
G0024082_7,4,425.5,291.0,512.0,512.0,container,False
G0024082_7,5,430.0,268.0,512.0,512.0,container,False
G0024082_7,6,413.5,239.0,512.0,512.0,porch,False
G0013843_13,2,324.5,238.5,512.0,512.0,container,False
G0013843_13,3,257.5,195.0,512.0,512.0,porch,False
G0024038_21,1,463.0,408.0,512.0,464.0,container,False
G0036436_9,1,22.5,43.0,512.0,512.0,container,False
G0036436_9,2,209.5,66.0,512.0,512.0,clutter,False
G0036536_17,1,104.0,296.0,440.0,512.0,flower pot,False
G0036536_17,2,106.5,205.0,440.0,512.0,flower pot,False
G0024067_12,1,275.0,232.5,512.0,512.0,trash bin,False
G0024067_12,2,338.5,255.0,512.0,512.0,trash bin,False
G0024067_12,3,300.0,209.5,512.0,512.0,container,False
G0024067_12,4,342.5,254.5,512.0,512.0,container,False
G0024067_12,5,273.5,233.5,512.0,512.0,container,False
G0024067_12,6,111.5,349.5,512.0,512.0,car,False
G0024018_0,1,183.0,237.0,512.0,512.0,chair,True
G0024018_0,2,222.0,231.5,512.0,512.0,table,True
G0024018_0,3,56.0,112.5,512.0,512.0,table,True
G0024018_0,4,125.5,158.0,512.0,512.0,porch,True
G0024057_17,1,86.5,146.5,440.0,512.0,chair,False
G0024057_17,2,147.0,156.5,440.0,512.0,chair,False
G0024057_17,3,202.5,171.0,440.0,512.0,chair,False
G0024087_4,1,414.0,435.5,512.0,512.0,porch,False
G0024087_4,2,411.0,470.0,512.0,512.0,table,False
G0024071_3,1,307.5,81.0,512.0,512.0,container,True
G0024046_5,1,363.5,428.5,440.0,512.0,container,False
G0024046_5,2,398.0,427.0,440.0,512.0,container,False
G0013867_0,1,416.5,230.0,512.0,512.0,car,False
G0013867_0,2,313.0,392.0,512.0,512.0,tire,False
G0013867_0,3,379.5,419.5,512.0,512.0,bucket,False
G0013867_0,4,381.0,422.5,512.0,512.0,container,False
G0024035_13,1,349.0,89.0,512.0,512.0,container,True
G0024035_13,2,226.0,67.0,512.0,512.0,pool,True
G0024088_22,1,324.5,198.0,512.0,464.0,toy,False
G0024088_22,2,354.5,324.5,512.0,464.0,porch,False
G0013832_8,1,213.0,414.0,512.0,512.0,table,False
G0013832_8,2,475.5,367.0,512.0,512.0,container,False
G0013832_8,3,470.5,475.5,512.0,512.0,container,False
G0013832_8,4,479.0,367.0,512.0,512.0,flower pot,False
G0013832_8,5,465.0,478.0,512.0,512.0,flower pot,False
G0013832_8,6,243.0,371.5,512.0,512.0,porch,False
G0013836_6,1,366.0,333.5,512.0,512.0,trash bin,False
G0013836_6,2,453.0,319.0,512.0,512.0,container,False
G0013836_6,4,248.5,265.5,512.0,512.0,gutter,False
G0024058_7,1,195.0,180.5,512.0,512.0,gutter,False
G0013879_10,1,285.5,223.5,512.0,512.0,ladder,False
G0013879_7,1,121.5,268.5,512.0,512.0,table,False
G0013879_7,2,157.0,218.0,512.0,512.0,chair,False
G0013879_7,3,161.0,287.5,512.0,512.0,chair,False
G0036448_15,1,156.0,415.5,512.0,512.0,tarp,False
