,lat,lon,date_taken,heading,length,width,alt
DJI_0001_18.JPG,40.96705686111111,-73.73245511111111,2017:08:04 12:37:06,272.0,3000,4000,43.4
DJI_0001_23.JPG,40.96705686111111,-73.73245511111111,2017:08:04 12:37:06,272.0,3000,4000,43.4
DJI_0001_25.JPG,40.96705686111111,-73.73245511111111,2017:08:04 12:37:06,272.0,3000,4000,43.4
DJI_0001_34.JPG,40.96705686111111,-73.73245511111111,2017:08:04 12:37:06,272.0,3000,4000,43.4
DJI_0001_42.JPG,40.96705686111111,-73.73245511111111,2017:08:04 12:37:06,272.0,3000,4000,43.4
DJI_0003_0.JPG,40.967058388888894,-73.73262891666667,2017:08:04 12:37:23,271.5,3000,4000,43.7
DJI_0003_10.JPG,40.967058388888894,-73.73262891666667,2017:08:04 12:37:23,271.5,3000,4000,43.7
DJI_0003_43.JPG,40.967058388888894,-73.73262891666667,2017:08:04 12:37:23,271.5,3000,4000,43.7
DJI_0004_10.JPG,40.96709613888889,-73.73282980555555,2017:08:04 12:37:43,267.3,3000,4000,43.8
DJI_0004_25.JPG,40.96709613888889,-73.73282980555555,2017:08:04 12:37:43,267.3,3000,4000,43.8
DJI_0005_25.JPG,40.96709380555556,-73.73283016666667,2017:08:04 12:37:49,267.3,3000,4000,43.8
DJI_0007_14.JPG,40.96708461111111,-73.73315166666667,2017:08:04 12:38:14,266.8,3000,4000,43.7
DJI_0007_21.JPG,40.96708461111111,-73.73315166666667,2017:08:04 12:38:14,266.8,3000,4000,43.7
DJI_0007_23.JPG,40.96708461111111,-73.73315166666667,2017:08:04 12:38:14,266.8,3000,4000,43.7
DJI_0007_3.JPG,40.96708461111111,-73.73315166666667,2017:08:04 12:38:14,266.8,3000,4000,43.7
DJI_0007_40.JPG,40.96708461111111,-73.73315166666667,2017:08:04 12:38:14,266.8,3000,4000,43.7
DJI_0007_41.JPG,40.96708461111111,-73.73315166666667,2017:08:04 12:38:14,266.8,3000,4000,43.7
DJI_0007_6.JPG,40.96708461111111,-73.73315166666667,2017:08:04 12:38:14,266.8,3000,4000,43.7
DJI_0007_9.JPG,40.96708461111111,-73.73315166666667,2017:08:04 12:38:14,266.8,3000,4000,43.7
DJI_0008_17.JPG,40.96710247222222,-73.73326105555556,2017:08:04 12:38:19,267.7,3000,4000,43.7
DJI_0008_45.JPG,40.96710247222222,-73.73326105555556,2017:08:04 12:38:19,267.7,3000,4000,43.7
DJI_0009_0.JPG,40.966890750000005,-73.73342116666667,2017:08:04 12:38:39,267.1,3000,4000,43.7
DJI_0009_1.JPG,40.966890750000005,-73.73342116666667,2017:08:04 12:38:39,267.1,3000,4000,43.7
DJI_0009_10.JPG,40.966890750000005,-73.73342116666667,2017:08:04 12:38:39,267.1,3000,4000,43.7
DJI_0009_12.JPG,40.966890750000005,-73.73342116666667,2017:08:04 12:38:39,267.1,3000,4000,43.7
DJI_0009_17.JPG,40.966890750000005,-73.73342116666667,2017:08:04 12:38:39,267.1,3000,4000,43.7
DJI_0009_18.JPG,40.966890750000005,-73.73342116666667,2017:08:04 12:38:39,267.1,3000,4000,43.7
DJI_0009_2.JPG,40.966890750000005,-73.73342116666667,2017:08:04 12:38:39,267.1,3000,4000,43.7
DJI_0009_28.JPG,40.966890750000005,-73.73342116666667,2017:08:04 12:38:39,267.1,3000,4000,43.7
DJI_0009_8.JPG,40.966890750000005,-73.73342116666667,2017:08:04 12:38:39,267.1,3000,4000,43.7
DJI_0009_9.JPG,40.966890750000005,-73.73342116666667,2017:08:04 12:38:39,267.1,3000,4000,43.7
DJI_0010_36.JPG,40.96688913888889,-73.73351505555556,2017:08:04 12:38:44,267.6,3000,4000,43.6
DJI_0010_7.JPG,40.96688913888889,-73.73351505555556,2017:08:04 12:38:44,267.6,3000,4000,43.6
DJI_0010_9.JPG,40.96688913888889,-73.73351505555556,2017:08:04 12:38:44,267.6,3000,4000,43.6
DJI_0014_33.JPG,40.96682372222222,-73.73394691666667,2017:08:04 12:39:13,266.9,3000,4000,43.6
DJI_0014_46.JPG,40.96682372222222,-73.73394691666667,2017:08:04 12:39:13,266.9,3000,4000,43.6
DJI_0015_18.JPG,40.96674361111111,-73.73392808333334,2017:08:04 12:39:46,171.4,3000,4000,43.6
DJI_0015_27.JPG,40.96674361111111,-73.73392808333334,2017:08:04 12:39:46,171.4,3000,4000,43.6
DJI_0016_10.JPG,40.96662191666667,-73.73391441666666,2017:08:04 12:39:57,171.4,3000,4000,43.6
DJI_0016_2.JPG,40.96662191666667,-73.73391441666666,2017:08:04 12:39:57,171.4,3000,4000,43.6
DJI_0016_3.JPG,40.96662191666667,-73.73391441666666,2017:08:04 12:39:57,171.4,3000,4000,43.6
DJI_0016_6.JPG,40.96662191666667,-73.73391441666666,2017:08:04 12:39:57,171.4,3000,4000,43.6
DJI_0016_9.JPG,40.96662191666667,-73.73391441666666,2017:08:04 12:39:57,171.4,3000,4000,43.6
DJI_0017_1.JPG,40.96660866666667,-73.73372694444444,2017:08:04 12:40:23,169.2,3000,4000,43.7
DJI_0017_10.JPG,40.96660866666667,-73.73372694444444,2017:08:04 12:40:23,169.2,3000,4000,43.7
DJI_0017_11.JPG,40.96660866666667,-73.73372694444444,2017:08:04 12:40:23,169.2,3000,4000,43.7
DJI_0017_17.JPG,40.96660866666667,-73.73372694444444,2017:08:04 12:40:23,169.2,3000,4000,43.7
DJI_0017_19.JPG,40.96660866666667,-73.73372694444444,2017:08:04 12:40:23,169.2,3000,4000,43.7
DJI_0017_2.JPG,40.96660866666667,-73.73372694444444,2017:08:04 12:40:23,169.2,3000,4000,43.7
DJI_0017_24.JPG,40.96660866666667,-73.73372694444444,2017:08:04 12:40:23,169.2,3000,4000,43.7
DJI_0017_32.JPG,40.96660866666667,-73.73372694444444,2017:08:04 12:40:23,169.2,3000,4000,43.7
DJI_0017_33.JPG,40.96660866666667,-73.73372694444444,2017:08:04 12:40:23,169.2,3000,4000,43.7
DJI_0017_40.JPG,40.96660866666667,-73.73372694444444,2017:08:04 12:40:23,169.2,3000,4000,43.7
DJI_0017_43.JPG,40.96660866666667,-73.73372694444444,2017:08:04 12:40:23,169.2,3000,4000,43.7
DJI_0017_44.JPG,40.96660866666667,-73.73372694444444,2017:08:04 12:40:23,169.2,3000,4000,43.7
DJI_0017_9.JPG,40.96660866666667,-73.73372694444444,2017:08:04 12:40:23,169.2,3000,4000,43.7
DJI_0018_10.JPG,40.96650463888889,-73.73368525000001,2017:08:04 12:40:29,169.5,3000,4000,43.7
DJI_0018_14.JPG,40.96650463888889,-73.73368525000001,2017:08:04 12:40:29,169.5,3000,4000,43.7
DJI_0018_15.JPG,40.96650463888889,-73.73368525000001,2017:08:04 12:40:29,169.5,3000,4000,43.7
DJI_0018_2.JPG,40.96650463888889,-73.73368525000001,2017:08:04 12:40:29,169.5,3000,4000,43.7
DJI_0018_25.JPG,40.96650463888889,-73.73368525000001,2017:08:04 12:40:29,169.5,3000,4000,43.7
DJI_0019_9.JPG,40.96644338888889,-73.73367597222223,2017:08:04 12:40:33,169.4,3000,4000,43.7
DJI_0021_0.JPG,40.96626141666667,-73.73365311111111,2017:08:04 12:40:52,169.5,3000,4000,43.7
DJI_0021_1.JPG,40.96626141666667,-73.73365311111111,2017:08:04 12:40:52,169.5,3000,4000,43.7
DJI_0021_20.JPG,40.96626141666667,-73.73365311111111,2017:08:04 12:40:52,169.5,3000,4000,43.7
DJI_0023_1.JPG,40.96634741666667,-73.73327788888889,2017:08:04 12:41:14,169.5,3000,4000,43.5
DJI_0023_8.JPG,40.96634741666667,-73.73327788888889,2017:08:04 12:41:14,169.5,3000,4000,43.5
DJI_0024_0.JPG,40.966242722222226,-73.73331288888889,2017:08:04 12:41:22,169.2,3000,4000,43.7
DJI_0024_11.JPG,40.966242722222226,-73.73331288888889,2017:08:04 12:41:22,169.2,3000,4000,43.7
DJI_0024_15.JPG,40.966242722222226,-73.73331288888889,2017:08:04 12:41:22,169.2,3000,4000,43.7
DJI_0024_16.JPG,40.966242722222226,-73.73331288888889,2017:08:04 12:41:22,169.2,3000,4000,43.7
DJI_0024_24.JPG,40.966242722222226,-73.73331288888889,2017:08:04 12:41:22,169.2,3000,4000,43.7
DJI_0024_3.JPG,40.966242722222226,-73.73331288888889,2017:08:04 12:41:22,169.2,3000,4000,43.7
DJI_0024_30.JPG,40.966242722222226,-73.73331288888889,2017:08:04 12:41:22,169.2,3000,4000,43.7
DJI_0024_8.JPG,40.966242722222226,-73.73331288888889,2017:08:04 12:41:22,169.2,3000,4000,43.7
DJI_0025_19.JPG,40.96616080555556,-73.73328636111111,2017:08:04 12:41:27,169.1,3000,4000,43.6
DJI_0025_46.JPG,40.96616080555556,-73.73328636111111,2017:08:04 12:41:27,169.1,3000,4000,43.6
DJI_0025_8.JPG,40.96616080555556,-73.73328636111111,2017:08:04 12:41:27,169.1,3000,4000,43.6
DJI_0026_10.JPG,40.965935,-73.73403430555555,2017:08:04 12:42:14,255.5,3000,4000,43.7
DJI_0026_12.JPG,40.965935,-73.73403430555555,2017:08:04 12:42:14,255.5,3000,4000,43.7
DJI_0026_13.JPG,40.965935,-73.73403430555555,2017:08:04 12:42:14,255.5,3000,4000,43.7
DJI_0026_20.JPG,40.965935,-73.73403430555555,2017:08:04 12:42:14,255.5,3000,4000,43.7
DJI_0027_10.JPG,40.965910750000006,-73.73434236111112,2017:08:04 12:42:25,256.2,3000,4000,43.7
DJI_0027_13.JPG,40.965910750000006,-73.73434236111112,2017:08:04 12:42:25,256.2,3000,4000,43.7
DJI_0027_2.JPG,40.965910750000006,-73.73434236111112,2017:08:04 12:42:25,256.2,3000,4000,43.7
DJI_0027_29.JPG,40.965910750000006,-73.73434236111112,2017:08:04 12:42:25,256.2,3000,4000,43.7
DJI_0027_3.JPG,40.965910750000006,-73.73434236111112,2017:08:04 12:42:25,256.2,3000,4000,43.7
DJI_0027_31.JPG,40.965910750000006,-73.73434236111112,2017:08:04 12:42:25,256.2,3000,4000,43.7
DJI_0027_5.JPG,40.965910750000006,-73.73434236111112,2017:08:04 12:42:25,256.2,3000,4000,43.7
DJI_0028_11.JPG,40.96589938888889,-73.73446588888889,2017:08:04 12:42:30,256.0,3000,4000,43.6
DJI_0028_13.JPG,40.96589938888889,-73.73446588888889,2017:08:04 12:42:30,256.0,3000,4000,43.6
DJI_0028_26.JPG,40.96589938888889,-73.73446588888889,2017:08:04 12:42:30,256.0,3000,4000,43.6
DJI_0028_3.JPG,40.96589938888889,-73.73446588888889,2017:08:04 12:42:30,256.0,3000,4000,43.6
DJI_0028_33.JPG,40.96589938888889,-73.73446588888889,2017:08:04 12:42:30,256.0,3000,4000,43.6
DJI_0028_35.JPG,40.96589938888889,-73.73446588888889,2017:08:04 12:42:30,256.0,3000,4000,43.6
DJI_0028_39.JPG,40.96589938888889,-73.73446588888889,2017:08:04 12:42:30,256.0,3000,4000,43.6
DJI_0029_10.JPG,40.965893972222226,-73.73453602777778,2017:08:04 12:42:34,256.3,3000,4000,43.6
DJI_0029_13.JPG,40.965893972222226,-73.73453602777778,2017:08:04 12:42:34,256.3,3000,4000,43.6
DJI_0030_2.JPG,40.96550725,-73.73434144444444,2017:08:04 12:42:56,161.6,3000,4000,43.6
DJI_0030_25.JPG,40.96550725,-73.73434144444444,2017:08:04 12:42:56,161.6,3000,4000,43.6
DJI_0030_27.JPG,40.96550725,-73.73434144444444,2017:08:04 12:42:56,161.6,3000,4000,43.6
DJI_0030_3.JPG,40.96550725,-73.73434144444444,2017:08:04 12:42:56,161.6,3000,4000,43.6
DJI_0030_4.JPG,40.96550725,-73.73434144444444,2017:08:04 12:42:56,161.6,3000,4000,43.6
DJI_0030_8.JPG,40.96550725,-73.73434144444444,2017:08:04 12:42:56,161.6,3000,4000,43.6
DJI_0031_18.JPG,40.96541119444445,-73.73428975,2017:08:04 12:43:01,161.2,3000,4000,43.6
DJI_0031_22.JPG,40.96541119444445,-73.73428975,2017:08:04 12:43:01,161.2,3000,4000,43.6
DJI_0031_32.JPG,40.96541119444445,-73.73428975,2017:08:04 12:43:01,161.2,3000,4000,43.6
DJI_0031_38.JPG,40.96541119444445,-73.73428975,2017:08:04 12:43:01,161.2,3000,4000,43.6
DJI_0031_4.JPG,40.96541119444445,-73.73428975,2017:08:04 12:43:01,161.2,3000,4000,43.6
DJI_0031_5.JPG,40.96541119444445,-73.73428975,2017:08:04 12:43:01,161.2,3000,4000,43.6
DJI_0031_6.JPG,40.96541119444445,-73.73428975,2017:08:04 12:43:01,161.2,3000,4000,43.6
DJI_0032_31.JPG,40.96541252777778,-73.73429088888889,2017:08:04 12:43:05,76.4,3000,4000,43.7
DJI_0033_19.JPG,40.96519958333334,-73.73423227777778,2017:08:04 12:43:28,75.9,3000,4000,43.7
DJI_0033_26.JPG,40.96519958333334,-73.73423227777778,2017:08:04 12:43:28,75.9,3000,4000,43.7
DJI_0033_3.JPG,40.96519958333334,-73.73423227777778,2017:08:04 12:43:28,75.9,3000,4000,43.7
DJI_0033_35.JPG,40.96519958333334,-73.73423227777778,2017:08:04 12:43:28,75.9,3000,4000,43.7
DJI_0033_36.JPG,40.96519958333334,-73.73423227777778,2017:08:04 12:43:28,75.9,3000,4000,43.7
DJI_0033_37.JPG,40.96519958333334,-73.73423227777778,2017:08:04 12:43:28,75.9,3000,4000,43.7
DJI_0033_46.JPG,40.96519958333334,-73.73423227777778,2017:08:04 12:43:28,75.9,3000,4000,43.7
DJI_0034_2.JPG,40.96523333333334,-73.73407622222223,2017:08:04 12:43:34,67.5,3000,4000,43.5
DJI_0035_10.JPG,40.965280500000006,-73.73394052777778,2017:08:04 12:43:40,67.0,3000,4000,43.6
DJI_0035_12.JPG,40.965280500000006,-73.73394052777778,2017:08:04 12:43:40,67.0,3000,4000,43.6
DJI_0035_13.JPG,40.965280500000006,-73.73394052777778,2017:08:04 12:43:40,67.0,3000,4000,43.6
DJI_0035_16.JPG,40.965280500000006,-73.73394052777778,2017:08:04 12:43:40,67.0,3000,4000,43.6
DJI_0037_10.JPG,40.966093944444445,-73.73333286111111,2017:08:04 12:44:29,63.4,3000,4000,44.9
DJI_0037_18.JPG,40.966093944444445,-73.73333286111111,2017:08:04 12:44:29,63.4,3000,4000,44.9
DJI_0037_25.JPG,40.966093944444445,-73.73333286111111,2017:08:04 12:44:29,63.4,3000,4000,44.9
DJI_0037_32.JPG,40.966093944444445,-73.73333286111111,2017:08:04 12:44:29,63.4,3000,4000,44.9
DJI_0037_41.JPG,40.966093944444445,-73.73333286111111,2017:08:04 12:44:29,63.4,3000,4000,44.9
DJI_0038_1.JPG,40.96613133333334,-73.73322472222222,2017:08:04 12:44:33,64.2,3000,4000,44.8
DJI_0038_27.JPG,40.96613133333334,-73.73322472222222,2017:08:04 12:44:33,64.2,3000,4000,44.8
DJI_0039_27.JPG,40.966184500000004,-73.73308111111112,2017:08:04 12:44:38,63.3,3000,4000,44.8
DJI_0039_3.JPG,40.966184500000004,-73.73308111111112,2017:08:04 12:44:38,63.3,3000,4000,44.8
DJI_0039_37.JPG,40.966184500000004,-73.73308111111112,2017:08:04 12:44:38,63.3,3000,4000,44.8
DJI_0039_9.JPG,40.966184500000004,-73.73308111111112,2017:08:04 12:44:38,63.3,3000,4000,44.8
DJI_0040_12.JPG,40.96620455555556,-73.7329455,2017:08:04 12:44:48,63.4,3000,4000,44.8
DJI_0040_19.JPG,40.96620455555556,-73.7329455,2017:08:04 12:44:48,63.4,3000,4000,44.8
DJI_0044_9.JPG,40.96652027777778,-73.73304383333334,2017:08:04 12:46:00,337.2,3000,4000,44.8
DJI_0045_24.JPG,40.96651997222222,-73.73326125,2017:08:04 12:46:15,338.2,3000,4000,44.8
DJI_0046_10.JPG,40.96663605555556,-73.73333161111111,2017:08:04 12:46:22,337.2,3000,4000,44.8
DJI_0046_44.JPG,40.96663605555556,-73.73333161111111,2017:08:04 12:46:22,337.2,3000,4000,44.8
DJI_0069_1.JPG,40.96779925,-73.72851136111112,2017:08:05 17:44:11,196.6,3000,4000,41.4
DJI_0069_38.JPG,40.96779925,-73.72851136111112,2017:08:05 17:44:11,196.6,3000,4000,41.4
DJI_0069_40.JPG,40.96779925,-73.72851136111112,2017:08:05 17:44:11,196.6,3000,4000,41.4
DJI_0069_45.JPG,40.96779925,-73.72851136111112,2017:08:05 17:44:11,196.6,3000,4000,41.4
DJI_0069_46.JPG,40.96779925,-73.72851136111112,2017:08:05 17:44:11,196.6,3000,4000,41.4
DJI_0077_20.JPG,40.96760508333333,-73.72801494444445,2017:08:05 17:46:37,0.3,3000,4000,41.6
DJI_0077_21.JPG,40.96760508333333,-73.72801494444445,2017:08:05 17:46:37,0.3,3000,4000,41.6
DJI_0078_28.JPG,40.96763475,-73.72800836111111,2017:08:05 17:46:44,0.4,3000,4000,41.7
DJI_0078_5.JPG,40.96763475,-73.72800836111111,2017:08:05 17:46:44,0.4,3000,4000,41.7
DJI_0079_13.JPG,40.967636750000004,-73.72800794444444,2017:08:05 17:46:47,0.0,3000,4000,41.6
DJI_0082_12.JPG,40.96797411111111,-73.72830494444445,2017:08:05 17:47:30,0.6,3000,4000,41.5
DJI_0082_13.JPG,40.96797411111111,-73.72830494444445,2017:08:05 17:47:30,0.6,3000,4000,41.5
DJI_0082_16.JPG,40.96797411111111,-73.72830494444445,2017:08:05 17:47:30,0.6,3000,4000,41.5
DJI_0082_2.JPG,40.96797411111111,-73.72830494444445,2017:08:05 17:47:30,0.6,3000,4000,41.5
DJI_0082_46.JPG,40.96797411111111,-73.72830494444445,2017:08:05 17:47:30,0.6,3000,4000,41.5
DJI_0083_3.JPG,40.96807252777778,-73.728226,2017:08:05 17:47:39,359.4,3000,4000,41.5
DJI_0084_20.JPG,40.968087861111115,-73.72796452777779,2017:08:05 17:47:49,359.5,3000,4000,41.3
DJI_0084_22.JPG,40.968087861111115,-73.72796452777779,2017:08:05 17:47:49,359.5,3000,4000,41.3
DJI_0085_27.JPG,40.96815252777778,-73.72795783333333,2017:08:05 17:47:54,1.1,3000,4000,41.4
DJI_0085_28.JPG,40.96815252777778,-73.72795783333333,2017:08:05 17:47:54,1.1,3000,4000,41.4
DJI_0087_18.JPG,40.968366027777776,-73.72784322222222,2017:08:05 17:48:16,0.4,3000,4000,41.6
DJI_0087_19.JPG,40.968366027777776,-73.72784322222222,2017:08:05 17:48:16,0.4,3000,4000,41.6
DJI_0088_28.JPG,40.96890330555556,-73.72737458333333,2017:08:05 17:48:52,0.5,3000,4000,41.7
DJI_0089_38.JPG,40.96895561111111,-73.7271973888889,2017:08:05 17:49:10,263.9,3000,4000,41.5
DJI_0089_39.JPG,40.96895561111111,-73.7271973888889,2017:08:05 17:49:10,263.9,3000,4000,41.5
DJI_0097_13.JPG,40.96948852777778,-73.72713283333333,2017:08:05 17:57:09,49.3,3000,4000,43.0
DJI_0097_17.JPG,40.96948852777778,-73.72713283333333,2017:08:05 17:57:09,49.3,3000,4000,43.0
DJI_0098_19.JPG,40.96963127777778,-73.72695425,2017:08:05 17:57:18,33.4,3000,4000,42.9
DJI_0098_24.JPG,40.96963127777778,-73.72695425,2017:08:05 17:57:18,33.4,3000,4000,42.9
DJI_0099_10.JPG,40.96964452777778,-73.72711163888889,2017:08:05 17:57:51,33.3,3000,4000,42.8
DJI_0099_16.JPG,40.96964452777778,-73.72711163888889,2017:08:05 17:57:51,33.3,3000,4000,42.8
DJI_0099_21.JPG,40.96964452777778,-73.72711163888889,2017:08:05 17:57:51,33.3,3000,4000,42.8
DJI_0099_35.JPG,40.96964452777778,-73.72711163888889,2017:08:05 17:57:51,33.3,3000,4000,42.8
DJI_0099_42.JPG,40.96964452777778,-73.72711163888889,2017:08:05 17:57:51,33.3,3000,4000,42.8
DJI_0099_43.JPG,40.96964452777778,-73.72711163888889,2017:08:05 17:57:51,33.3,3000,4000,42.8
DJI_0099_44.JPG,40.96964452777778,-73.72711163888889,2017:08:05 17:57:51,33.3,3000,4000,42.8
DJI_0099_46.JPG,40.96964452777778,-73.72711163888889,2017:08:05 17:57:51,33.3,3000,4000,42.8
DJI_0100_26.JPG,40.96967055555556,-73.72719741666667,2017:08:05 17:58:00,33.9,3000,4000,42.7
DJI_0100_4.JPG,40.96967055555556,-73.72719741666667,2017:08:05 17:58:00,33.9,3000,4000,42.7
DJI_0101_9.JPG,40.969604000000004,-73.72732077777778,2017:08:05 17:58:09,33.9,3000,4000,42.8
DJI_0104_0.JPG,40.853586722222225,-73.19099372222223,2017:08:06 10:47:56,65.0,3000,4000,43.3
DJI_0104_20.JPG,40.853586722222225,-73.19099372222223,2017:08:06 10:47:56,65.0,3000,4000,43.3
DJI_0104_21.JPG,40.853586722222225,-73.19099372222223,2017:08:06 10:47:56,65.0,3000,4000,43.3
DJI_0104_22.JPG,40.853586722222225,-73.19099372222223,2017:08:06 10:47:56,65.0,3000,4000,43.3
DJI_0104_27.JPG,40.853586722222225,-73.19099372222223,2017:08:06 10:47:56,65.0,3000,4000,43.3
DJI_0104_29.JPG,40.853586722222225,-73.19099372222223,2017:08:06 10:47:56,65.0,3000,4000,43.3
DJI_0104_30.JPG,40.853586722222225,-73.19099372222223,2017:08:06 10:47:56,65.0,3000,4000,43.3
DJI_0104_4.JPG,40.853586722222225,-73.19099372222223,2017:08:06 10:47:56,65.0,3000,4000,43.3
DJI_0104_5.JPG,40.853586722222225,-73.19099372222223,2017:08:06 10:47:56,65.0,3000,4000,43.3
DJI_0104_6.JPG,40.853586722222225,-73.19099372222223,2017:08:06 10:47:56,65.0,3000,4000,43.3
DJI_0104_8.JPG,40.853586722222225,-73.19099372222223,2017:08:06 10:47:56,65.0,3000,4000,43.3
DJI_0105_13.JPG,40.85362169444445,-73.19088125,2017:08:06 10:48:06,65.4,3000,4000,43.4
DJI_0105_14.JPG,40.85362169444445,-73.19088125,2017:08:06 10:48:06,65.4,3000,4000,43.4
DJI_0105_23.JPG,40.85362169444445,-73.19088125,2017:08:06 10:48:06,65.4,3000,4000,43.4
DJI_0105_8.JPG,40.85362169444445,-73.19088125,2017:08:06 10:48:06,65.4,3000,4000,43.4
DJI_0106_0.JPG,40.853515083333335,-73.19051580555556,2017:08:06 10:48:56,149.3,3000,4000,43.2
DJI_0106_14.JPG,40.853515083333335,-73.19051580555556,2017:08:06 10:48:56,149.3,3000,4000,43.2
DJI_0106_23.JPG,40.853515083333335,-73.19051580555556,2017:08:06 10:48:56,149.3,3000,4000,43.2
DJI_0106_32.JPG,40.853515083333335,-73.19051580555556,2017:08:06 10:48:56,149.3,3000,4000,43.2
DJI_0106_40.JPG,40.853515083333335,-73.19051580555556,2017:08:06 10:48:56,149.3,3000,4000,43.2
DJI_0107_1.JPG,40.85333055555556,-73.19040383333333,2017:08:06 10:49:15,168.3,3000,4000,43.3
DJI_0107_22.JPG,40.85333055555556,-73.19040383333333,2017:08:06 10:49:15,168.3,3000,4000,43.3
DJI_0107_23.JPG,40.85333055555556,-73.19040383333333,2017:08:06 10:49:15,168.3,3000,4000,43.3
DJI_0107_24.JPG,40.85333055555556,-73.19040383333333,2017:08:06 10:49:15,168.3,3000,4000,43.3
DJI_0108_13.JPG,40.853245333333334,-73.19046433333334,2017:08:06 10:49:31,175.8,3000,4000,43.6
DJI_0109_47.JPG,40.85324255555556,-73.19046311111111,2017:08:06 10:49:41,176.2,3000,4000,43.5
DJI_0110_16.JPG,40.85304708333334,-73.19043025,2017:08:06 10:49:53,175.8,3000,4000,43.4
DJI_0110_21.JPG,40.85304708333334,-73.19043025,2017:08:06 10:49:53,175.8,3000,4000,43.4
DJI_0110_23.JPG,40.85304708333334,-73.19043025,2017:08:06 10:49:53,175.8,3000,4000,43.4
DJI_0110_24.JPG,40.85304708333334,-73.19043025,2017:08:06 10:49:53,175.8,3000,4000,43.4
DJI_0110_41.JPG,40.85304708333334,-73.19043025,2017:08:06 10:49:53,175.8,3000,4000,43.4
DJI_0110_6.JPG,40.85304708333334,-73.19043025,2017:08:06 10:49:53,175.8,3000,4000,43.4
DJI_0111_24.JPG,40.85295308333333,-73.1904023888889,2017:08:06 10:50:00,176.1,3000,4000,43.4
DJI_0111_25.JPG,40.85295308333333,-73.1904023888889,2017:08:06 10:50:00,176.1,3000,4000,43.4
DJI_0111_30.JPG,40.85295308333333,-73.1904023888889,2017:08:06 10:50:00,176.1,3000,4000,43.4
DJI_0111_31.JPG,40.85295308333333,-73.1904023888889,2017:08:06 10:50:00,176.1,3000,4000,43.4
DJI_0112_13.JPG,40.85281677777778,-73.19048269444446,2017:08:06 10:50:24,177.7,3000,4000,43.4
DJI_0112_39.JPG,40.85281677777778,-73.19048269444446,2017:08:06 10:50:24,177.7,3000,4000,43.4
DJI_0114_17.JPG,40.85260541666667,-73.19046027777779,2017:08:06 10:50:39,177.5,3000,4000,43.4
DJI_0116_23.JPG,40.85248652777778,-73.19043877777779,2017:08:06 10:51:07,177.1,3000,4000,41.3
DJI_0116_38.JPG,40.85248652777778,-73.19043877777779,2017:08:06 10:51:07,177.1,3000,4000,41.3
DJI_0116_41.JPG,40.85248652777778,-73.19043877777779,2017:08:06 10:51:07,177.1,3000,4000,41.3
DJI_0117_16.JPG,40.85240663888889,-73.19051419444445,2017:08:06 10:51:19,178.2,3000,4000,41.5
DJI_0117_31.JPG,40.85240663888889,-73.19051419444445,2017:08:06 10:51:19,178.2,3000,4000,41.5
DJI_0119_20.JPG,40.852325138888894,-73.19054661111112,2017:08:06 10:51:32,178.3,3000,4000,41.4
DJI_0119_21.JPG,40.852325138888894,-73.19054661111112,2017:08:06 10:51:32,178.3,3000,4000,41.4
DJI_0119_30.JPG,40.852325138888894,-73.19054661111112,2017:08:06 10:51:32,178.3,3000,4000,41.4
DJI_0120_40.JPG,40.85223855555556,-73.19053177777778,2017:08:06 10:51:38,178.3,3000,4000,41.5
DJI_0121_24.JPG,40.85217469444444,-73.19051855555556,2017:08:06 10:51:41,178.4,3000,4000,41.6
DJI_0121_5.JPG,40.85217469444444,-73.19051855555556,2017:08:06 10:51:41,178.4,3000,4000,41.6
DJI_0121_6.JPG,40.85217469444444,-73.19051855555556,2017:08:06 10:51:41,178.4,3000,4000,41.6
DJI_0121_7.JPG,40.85217469444444,-73.19051855555556,2017:08:06 10:51:41,178.4,3000,4000,41.6
DJI_0121_8.JPG,40.85217469444444,-73.19051855555556,2017:08:06 10:51:41,178.4,3000,4000,41.6
DJI_0124_39.JPG,40.851991250000005,-73.19054713888889,2017:08:06 10:52:03,178.3,3000,4000,41.3
DJI_0124_6.JPG,40.851991250000005,-73.19054713888889,2017:08:06 10:52:03,178.3,3000,4000,41.3
DJI_0125_0.JPG,40.85187644444444,-73.19052125,2017:08:06 10:52:31,178.7,3000,4000,41.3
DJI_0125_37.JPG,40.85187644444444,-73.19052125,2017:08:06 10:52:31,178.7,3000,4000,41.3
DJI_0125_38.JPG,40.85187644444444,-73.19052125,2017:08:06 10:52:31,178.7,3000,4000,41.3
DJI_0126_1.JPG,40.85183269444445,-73.19050105555556,2017:08:06 10:52:36,178.5,3000,4000,41.4
DJI_0126_5.JPG,40.85183269444445,-73.19050105555556,2017:08:06 10:52:36,178.5,3000,4000,41.4
DJI_0126_6.JPG,40.85183269444445,-73.19050105555556,2017:08:06 10:52:36,178.5,3000,4000,41.4
DJI_0127_13.JPG,40.851706472222226,-73.19052019444445,2017:08:06 10:52:50,178.4,3000,4000,41.4
DJI_0127_14.JPG,40.851706472222226,-73.19052019444445,2017:08:06 10:52:50,178.4,3000,4000,41.4
DJI_0127_21.JPG,40.851706472222226,-73.19052019444445,2017:08:06 10:52:50,178.4,3000,4000,41.4
DJI_0127_22.JPG,40.851706472222226,-73.19052019444445,2017:08:06 10:52:50,178.4,3000,4000,41.4
DJI_0127_7.JPG,40.851706472222226,-73.19052019444445,2017:08:06 10:52:50,178.4,3000,4000,41.4
DJI_0128_37.JPG,40.85161825,-73.19051102777779,2017:08:06 10:53:07,177.9,3000,4000,41.3
DJI_0129_14.JPG,40.851475972222225,-73.19047805555556,2017:08:06 10:53:23,179.9,3000,4000,41.3
DJI_0129_15.JPG,40.851475972222225,-73.19047805555556,2017:08:06 10:53:23,179.9,3000,4000,41.3
DJI_0129_20.JPG,40.851475972222225,-73.19047805555556,2017:08:06 10:53:23,179.9,3000,4000,41.3
DJI_0129_22.JPG,40.851475972222225,-73.19047805555556,2017:08:06 10:53:23,179.9,3000,4000,41.3
DJI_0129_23.JPG,40.851475972222225,-73.19047805555556,2017:08:06 10:53:23,179.9,3000,4000,41.3
DJI_0129_8.JPG,40.851475972222225,-73.19047805555556,2017:08:06 10:53:23,179.9,3000,4000,41.3
DJI_0130_15.JPG,40.851321472222224,-73.19046016666667,2017:08:06 10:53:37,179.6,3000,4000,41.4
DJI_0130_35.JPG,40.851321472222224,-73.19046016666667,2017:08:06 10:53:37,179.6,3000,4000,41.4
DJI_0131_5.JPG,40.85125563888889,-73.19053469444445,2017:08:06 10:53:45,179.5,3000,4000,41.4
DJI_0132_22.JPG,40.85119208333334,-73.19053038888889,2017:08:06 10:53:51,179.2,3000,4000,41.3
DJI_0134_16.JPG,40.85374758333334,-73.19097108333334,2017:08:06 11:56:22,80.7,3000,4000,43.1
DJI_0134_26.JPG,40.85374758333334,-73.19097108333334,2017:08:06 11:56:22,80.7,3000,4000,43.1
DJI_0134_33.JPG,40.85374758333334,-73.19097108333334,2017:08:06 11:56:22,80.7,3000,4000,43.1
DJI_0134_41.JPG,40.85374758333334,-73.19097108333334,2017:08:06 11:56:22,80.7,3000,4000,43.1
DJI_0134_8.JPG,40.85374758333334,-73.19097108333334,2017:08:06 11:56:22,80.7,3000,4000,43.1
DJI_0135_10.JPG,40.85373175,-73.19117075,2017:08:06 11:56:31,80.7,3000,4000,43.9
DJI_0135_17.JPG,40.85373175,-73.19117075,2017:08:06 11:56:31,80.7,3000,4000,43.9
DJI_0135_34.JPG,40.85373175,-73.19117075,2017:08:06 11:56:31,80.7,3000,4000,43.9
DJI_0136_18.JPG,40.853763972222225,-73.19093875,2017:08:06 11:56:44,80.9,3000,4000,43.2
DJI_0136_40.JPG,40.853763972222225,-73.19093875,2017:08:06 11:56:44,80.9,3000,4000,43.2
DJI_0136_41.JPG,40.853763972222225,-73.19093875,2017:08:06 11:56:44,80.9,3000,4000,43.2
DJI_0137_0.JPG,40.85377811111111,-73.19081225000001,2017:08:06 11:56:59,94.5,3000,4000,43.4
DJI_0137_17.JPG,40.85377811111111,-73.19081225000001,2017:08:06 11:56:59,94.5,3000,4000,43.4
DJI_0139_1.JPG,40.85371883333333,-73.19053747222223,2017:08:06 11:58:07,94.4,3000,4000,42.5
DJI_0139_17.JPG,40.85371883333333,-73.19053747222223,2017:08:06 11:58:07,94.4,3000,4000,42.5
DJI_0139_3.JPG,40.85371883333333,-73.19053747222223,2017:08:06 11:58:07,94.4,3000,4000,42.5
DJI_0140_10.JPG,40.853721166666666,-73.19045975,2017:08:06 11:58:12,94.7,3000,4000,42.5
DJI_0140_12.JPG,40.853721166666666,-73.19045975,2017:08:06 11:58:12,94.7,3000,4000,42.5
DJI_0141_10.JPG,40.853695555555554,-73.19036597222222,2017:08:06 11:58:18,111.1,3000,4000,42.4
DJI_0141_26.JPG,40.853695555555554,-73.19036597222222,2017:08:06 11:58:18,111.1,3000,4000,42.4
DJI_0143_6.JPG,40.85363891666667,-73.19027086111112,2017:08:06 11:58:24,126.9,3000,4000,42.6
DJI_0144_2.JPG,40.85355905555556,-73.19029338888889,2017:08:06 11:58:33,175.1,3000,4000,42.5
DJI_0144_42.JPG,40.85355905555556,-73.19029338888889,2017:08:06 11:58:33,175.1,3000,4000,42.5
DJI_0144_9.JPG,40.85355905555556,-73.19029338888889,2017:08:06 11:58:33,175.1,3000,4000,42.5
DJI_0145_22.JPG,40.85332102777778,-73.19037997222223,2017:08:06 11:58:44,175.1,3000,4000,42.8
DJI_0154_11.JPG,40.85265394444445,-73.19033680555556,2017:08:06 11:59:36,183.1,3000,4000,42.7
DJI_0154_17.JPG,40.85265394444445,-73.19033680555556,2017:08:06 11:59:36,183.1,3000,4000,42.7
DJI_0154_33.JPG,40.85265394444445,-73.19033680555556,2017:08:06 11:59:36,183.1,3000,4000,42.7
DJI_0154_9.JPG,40.85265394444445,-73.19033680555556,2017:08:06 11:59:36,183.1,3000,4000,42.7
DJI_0157_18.JPG,40.8523705,-73.19039736111111,2017:08:06 12:00:00,182.9,3000,4000,42.7
DJI_0157_39.JPG,40.8523705,-73.19039736111111,2017:08:06 12:00:00,182.9,3000,4000,42.7
DJI_0157_42.JPG,40.8523705,-73.19039736111111,2017:08:06 12:00:00,182.9,3000,4000,42.7
DJI_0157_46.JPG,40.8523705,-73.19039736111111,2017:08:06 12:00:00,182.9,3000,4000,42.7
DJI_0158_9.JPG,40.852379694444444,-73.19027483333333,2017:08:06 12:00:05,182.6,3000,4000,42.8
DJI_0163_0.JPG,40.85189586111111,-73.19037791666668,2017:08:06 12:00:48,182.5,3000,4000,42.8
DJI_0163_25.JPG,40.85189586111111,-73.19037791666668,2017:08:06 12:00:48,182.5,3000,4000,42.8
DJI_0163_31.JPG,40.85189586111111,-73.19037791666668,2017:08:06 12:00:48,182.5,3000,4000,42.8
DJI_0163_46.JPG,40.85189586111111,-73.19037791666668,2017:08:06 12:00:48,182.5,3000,4000,42.8
DJI_0163_6.JPG,40.85189586111111,-73.19037791666668,2017:08:06 12:00:48,182.5,3000,4000,42.8
DJI_0163_9.JPG,40.85189586111111,-73.19037791666668,2017:08:06 12:00:48,182.5,3000,4000,42.8
DJI_0164_1.JPG,40.85173502777778,-73.19039244444444,2017:08:06 12:00:54,183.0,3000,4000,42.8
DJI_0166_43.JPG,40.851702611111115,-73.19022291666667,2017:08:06 12:01:33,182.8,3000,4000,42.7
DJI_0175_10.JPG,40.85099547222222,-73.19056016666667,2017:08:06 12:02:40,219.9,3000,4000,42.7
DJI_0175_15.JPG,40.85099547222222,-73.19056016666667,2017:08:06 12:02:40,219.9,3000,4000,42.7
DJI_0175_16.JPG,40.85099547222222,-73.19056016666667,2017:08:06 12:02:40,219.9,3000,4000,42.7
DJI_0175_17.JPG,40.85099547222222,-73.19056016666667,2017:08:06 12:02:40,219.9,3000,4000,42.7
DJI_0175_18.JPG,40.85099547222222,-73.19056016666667,2017:08:06 12:02:40,219.9,3000,4000,42.7
DJI_0175_24.JPG,40.85099547222222,-73.19056016666667,2017:08:06 12:02:40,219.9,3000,4000,42.7
DJI_0175_25.JPG,40.85099547222222,-73.19056016666667,2017:08:06 12:02:40,219.9,3000,4000,42.7
DJI_0175_30.JPG,40.85099547222222,-73.19056016666667,2017:08:06 12:02:40,219.9,3000,4000,42.7
DJI_0175_33.JPG,40.85099547222222,-73.19056016666667,2017:08:06 12:02:40,219.9,3000,4000,42.7
DJI_0175_41.JPG,40.85099547222222,-73.19056016666667,2017:08:06 12:02:40,219.9,3000,4000,42.7
DJI_0175_9.JPG,40.85099547222222,-73.19056016666667,2017:08:06 12:02:40,219.9,3000,4000,42.7
DJI_0181_17.JPG,40.96771991666667,-73.73396713888889,2017:08:10 16:41:51,72.0,3000,4000,40.7
DJI_0190_8.JPG,40.967927111111116,-73.73334061111112,2017:08:10 16:44:34,71.4,3000,4000,40.9
DJI_0191_1.JPG,40.96790980555556,-73.73303925,2017:08:10 16:44:53,76.5,3000,4000,40.9
DJI_0191_17.JPG,40.96790980555556,-73.73303925,2017:08:10 16:44:53,76.5,3000,4000,40.9
DJI_0191_19.JPG,40.96790980555556,-73.73303925,2017:08:10 16:44:53,76.5,3000,4000,40.9
DJI_0191_2.JPG,40.96790980555556,-73.73303925,2017:08:10 16:44:53,76.5,3000,4000,40.9
DJI_0191_25.JPG,40.96790980555556,-73.73303925,2017:08:10 16:44:53,76.5,3000,4000,40.9
DJI_0191_26.JPG,40.96790980555556,-73.73303925,2017:08:10 16:44:53,76.5,3000,4000,40.9
DJI_0191_27.JPG,40.96790980555556,-73.73303925,2017:08:10 16:44:53,76.5,3000,4000,40.9
DJI_0191_6.JPG,40.96790980555556,-73.73303925,2017:08:10 16:44:53,76.5,3000,4000,40.9
DJI_0191_9.JPG,40.96790980555556,-73.73303925,2017:08:10 16:44:53,76.5,3000,4000,40.9
DJI_0192_1.JPG,40.967947833333334,-73.73284583333333,2017:08:10 16:44:59,77.0,3000,4000,40.9
DJI_0192_11.JPG,40.967947833333334,-73.73284583333333,2017:08:10 16:44:59,77.0,3000,4000,40.9
DJI_0193_12.JPG,40.96809894444445,-73.73291413888889,2017:08:10 16:45:08,77.4,3000,4000,40.9
DJI_0193_20.JPG,40.96809894444445,-73.73291413888889,2017:08:10 16:45:08,77.4,3000,4000,40.9
DJI_0205_16.JPG,40.96784805555556,-73.73204236111111,2017:08:10 16:47:13,259.4,3000,4000,40.9
DJI_0206_24.JPG,40.967779166666666,-73.73201811111112,2017:08:10 16:47:19,259.2,3000,4000,40.8
DJI_0209_20.JPG,40.967581861111114,-73.73199788888888,2017:08:10 16:47:51,258.9,3000,4000,40.8
DJI_0209_21.JPG,40.967581861111114,-73.73199788888888,2017:08:10 16:47:51,258.9,3000,4000,40.8
DJI_0230_16.JPG,40.966813083333335,-73.73450108333333,2017:08:10 16:57:26,72.9,3000,4000,40.8
DJI_0230_25.JPG,40.966813083333335,-73.73450108333333,2017:08:10 16:57:26,72.9,3000,4000,40.8
DJI_0230_32.JPG,40.966813083333335,-73.73450108333333,2017:08:10 16:57:26,72.9,3000,4000,40.8
DJI_0247_27.JPG,40.965868750000006,-73.73409375,2017:08:10 17:01:36,251.7,3000,4000,41.0
DJI_0247_36.JPG,40.965868750000006,-73.73409375,2017:08:10 17:01:36,251.7,3000,4000,41.0
DJI_0248_4.JPG,40.96583316666667,-73.73422052777778,2017:08:10 17:01:43,251.6,3000,4000,40.9
DJI_0248_6.JPG,40.96583316666667,-73.73422052777778,2017:08:10 17:01:43,251.6,3000,4000,40.9
DJI_0292_12.JPG,40.967261416666666,-73.73221069444445,2017:08:04 10:50:10,267.6,3000,4000,48.3
DJI_0292_13.JPG,40.967261416666666,-73.73221069444445,2017:08:04 10:50:10,267.6,3000,4000,48.3
DJI_0292_30.JPG,40.967261416666666,-73.73221069444445,2017:08:04 10:50:10,267.6,3000,4000,48.3
DJI_0293_26.JPG,40.96708177777778,-73.73250975,2017:08:04 10:51:13,267.9,3000,4000,48.2
DJI_0293_30.JPG,40.96708177777778,-73.73250975,2017:08:04 10:51:13,267.9,3000,4000,48.2
DJI_0293_31.JPG,40.96708177777778,-73.73250975,2017:08:04 10:51:13,267.9,3000,4000,48.2
DJI_0294_18.JPG,40.96706566666667,-73.73272613888889,2017:08:04 10:51:36,267.4,3000,4000,48.4
DJI_0294_2.JPG,40.96706566666667,-73.73272613888889,2017:08:04 10:51:36,267.4,3000,4000,48.4
DJI_0294_26.JPG,40.96706566666667,-73.73272613888889,2017:08:04 10:51:36,267.4,3000,4000,48.4
DJI_0294_31.JPG,40.96706566666667,-73.73272613888889,2017:08:04 10:51:36,267.4,3000,4000,48.4
DJI_0294_44.JPG,40.96706566666667,-73.73272613888889,2017:08:04 10:51:36,267.4,3000,4000,48.4
DJI_0297_10.JPG,40.96688133333333,-73.73283486111112,2017:08:04 10:52:22,173.8,3000,4000,48.3
DJI_0297_23.JPG,40.96688133333333,-73.73283486111112,2017:08:04 10:52:22,173.8,3000,4000,48.3
DJI_0297_26.JPG,40.96688133333333,-73.73283486111112,2017:08:04 10:52:22,173.8,3000,4000,48.3
DJI_0297_38.JPG,40.96688133333333,-73.73283486111112,2017:08:04 10:52:22,173.8,3000,4000,48.3
DJI_0297_43.JPG,40.96688133333333,-73.73283486111112,2017:08:04 10:52:22,173.8,3000,4000,48.3
DJI_0297_8.JPG,40.96688133333333,-73.73283486111112,2017:08:04 10:52:22,173.8,3000,4000,48.3
DJI_0298_0.JPG,40.96680633333334,-73.73281072222223,2017:08:04 10:52:30,174.2,3000,4000,48.4
DJI_0299_17.JPG,40.96677447222223,-73.73269025,2017:08:04 10:52:53,169.1,3000,4000,48.3
DJI_0299_18.JPG,40.96677447222223,-73.73269025,2017:08:04 10:52:53,169.1,3000,4000,48.3
DJI_0299_43.JPG,40.96677447222223,-73.73269025,2017:08:04 10:52:53,169.1,3000,4000,48.3
DJI_0299_9.JPG,40.96677447222223,-73.73269025,2017:08:04 10:52:53,169.1,3000,4000,48.3
DJI_0300_10.JPG,40.96666627777778,-73.73265069444444,2017:08:04 10:53:01,169.8,3000,4000,48.2
DJI_0300_2.JPG,40.96666627777778,-73.73265069444444,2017:08:04 10:53:01,169.8,3000,4000,48.2
DJI_0300_41.JPG,40.96666627777778,-73.73265069444444,2017:08:04 10:53:01,169.8,3000,4000,48.2
DJI_0300_42.JPG,40.96666627777778,-73.73265069444444,2017:08:04 10:53:01,169.8,3000,4000,48.2
DJI_0302_13.JPG,40.966524194444446,-73.73262675000001,2017:08:04 10:53:15,169.5,3000,4000,48.3
DJI_0304_18.JPG,40.966321750000006,-73.73254875,2017:08:04 10:53:29,169.0,3000,4000,48.3
DJI_0305_36.JPG,40.966253333333334,-73.73252427777778,2017:08:04 10:53:39,169.9,3000,4000,48.2
DJI_0307_38.JPG,40.96616219444445,-73.732325,2017:08:04 10:54:46,67.3,3000,4000,48.3
DJI_0307_42.JPG,40.96616219444445,-73.732325,2017:08:04 10:54:46,67.3,3000,4000,48.3
DJI_0307_6.JPG,40.96616219444445,-73.732325,2017:08:04 10:54:46,67.3,3000,4000,48.3
DJI_0308_16.JPG,40.96623458333334,-73.73208052777778,2017:08:04 10:55:14,67.5,3000,4000,48.3
DJI_0308_17.JPG,40.96623458333334,-73.73208052777778,2017:08:04 10:55:14,67.5,3000,4000,48.3
DJI_0308_31.JPG,40.96623458333334,-73.73208052777778,2017:08:04 10:55:14,67.5,3000,4000,48.3
DJI_0308_39.JPG,40.96623458333334,-73.73208052777778,2017:08:04 10:55:14,67.5,3000,4000,48.3
DJI_0308_6.JPG,40.96623458333334,-73.73208052777778,2017:08:04 10:55:14,67.5,3000,4000,48.3
DJI_0309_0.JPG,40.96633616666667,-73.73211513888889,2017:08:04 10:55:21,67.5,3000,4000,48.3
DJI_0309_17.JPG,40.96633616666667,-73.73211513888889,2017:08:04 10:55:21,67.5,3000,4000,48.3
DJI_0309_18.JPG,40.96633616666667,-73.73211513888889,2017:08:04 10:55:21,67.5,3000,4000,48.3
DJI_0309_9.JPG,40.96633616666667,-73.73211513888889,2017:08:04 10:55:21,67.5,3000,4000,48.3
DJI_0312_11.JPG,40.96591983333334,-73.7322545,2017:08:04 10:57:11,169.4,3000,4000,48.4
DJI_0312_12.JPG,40.96591983333334,-73.7322545,2017:08:04 10:57:11,169.4,3000,4000,48.4
DJI_0312_18.JPG,40.96591983333334,-73.7322545,2017:08:04 10:57:11,169.4,3000,4000,48.4
DJI_0312_19.JPG,40.96591983333334,-73.7322545,2017:08:04 10:57:11,169.4,3000,4000,48.4
DJI_0312_29.JPG,40.96591983333334,-73.7322545,2017:08:04 10:57:11,169.4,3000,4000,48.4
DJI_0312_3.JPG,40.96591983333334,-73.7322545,2017:08:04 10:57:11,169.4,3000,4000,48.4
DJI_0312_33.JPG,40.96591983333334,-73.7322545,2017:08:04 10:57:11,169.4,3000,4000,48.4
DJI_0317_22.JPG,40.96591136111111,-73.73243102777778,2017:08:04 10:57:43,169.8,3000,4000,48.2
DJI_0318_10.JPG,40.96574008333334,-73.73237586111111,2017:08:04 10:58:04,170.7,3000,4000,48.2
DJI_0318_42.JPG,40.96574008333334,-73.73237586111111,2017:08:04 10:58:04,170.7,3000,4000,48.2
DJI_0318_7.JPG,40.96574008333334,-73.73237586111111,2017:08:04 10:58:04,170.7,3000,4000,48.2
DJI_0318_8.JPG,40.96574008333334,-73.73237586111111,2017:08:04 10:58:04,170.7,3000,4000,48.2
DJI_0318_9.JPG,40.96574008333334,-73.73237586111111,2017:08:04 10:58:04,170.7,3000,4000,48.2
DJI_0319_25.JPG,40.965686222222224,-73.73224894444445,2017:08:04 10:58:17,169.6,3000,4000,48.2
DJI_0320_10.JPG,40.96526,-73.73205541666667,2017:08:04 10:59:52,169.1,3000,4000,48.2
DJI_0320_12.JPG,40.96526,-73.73205541666667,2017:08:04 10:59:52,169.1,3000,4000,48.2
DJI_0320_16.JPG,40.96526,-73.73205541666667,2017:08:04 10:59:52,169.1,3000,4000,48.2
DJI_0320_20.JPG,40.96526,-73.73205541666667,2017:08:04 10:59:52,169.1,3000,4000,48.2
DJI_0320_28.JPG,40.96526,-73.73205541666667,2017:08:04 10:59:52,169.1,3000,4000,48.2
DJI_0320_4.JPG,40.96526,-73.73205541666667,2017:08:04 10:59:52,169.1,3000,4000,48.2
DJI_0320_9.JPG,40.96526,-73.73205541666667,2017:08:04 10:59:52,169.1,3000,4000,48.2
DJI_0321_10.JPG,40.96528405555556,-73.73198027777778,2017:08:04 10:59:59,169.0,3000,4000,48.2
DJI_0321_14.JPG,40.96528405555556,-73.73198027777778,2017:08:04 10:59:59,169.0,3000,4000,48.2
DJI_0321_18.JPG,40.96528405555556,-73.73198027777778,2017:08:04 10:59:59,169.0,3000,4000,48.2
DJI_0322_4.JPG,40.96524597222223,-73.73240625,2017:08:04 11:00:19,169.1,3000,4000,48.2
DJI_0322_6.JPG,40.96524597222223,-73.73240625,2017:08:04 11:00:19,169.1,3000,4000,48.2
DJI_0323_18.JPG,40.96521688888889,-73.73251633333334,2017:08:04 11:00:36,257.0,3000,4000,48.2
DJI_0324_16.JPG,40.96517458333334,-73.73276958333334,2017:08:04 11:00:46,256.7,3000,4000,48.1
DJI_0324_24.JPG,40.96517458333334,-73.73276958333334,2017:08:04 11:00:46,256.7,3000,4000,48.1
DJI_0324_8.JPG,40.96517458333334,-73.73276958333334,2017:08:04 11:00:46,256.7,3000,4000,48.1
DJI_0324_9.JPG,40.96517458333334,-73.73276958333334,2017:08:04 11:00:46,256.7,3000,4000,48.1
DJI_0325_18.JPG,40.96508791666667,-73.73277844444445,2017:08:04 11:00:54,257.1,3000,4000,48.4
DJI_0325_25.JPG,40.96508791666667,-73.73277844444445,2017:08:04 11:00:54,257.1,3000,4000,48.4
DJI_0325_26.JPG,40.96508791666667,-73.73277844444445,2017:08:04 11:00:54,257.1,3000,4000,48.4
DJI_0325_33.JPG,40.96508791666667,-73.73277844444445,2017:08:04 11:00:54,257.1,3000,4000,48.4
DJI_0326_37.JPG,40.965081500000004,-73.73271883333334,2017:08:04 11:01:50,65.4,3000,4000,48.3
DJI_0326_38.JPG,40.965081500000004,-73.73271883333334,2017:08:04 11:01:50,65.4,3000,4000,48.3
DJI_0326_4.JPG,40.965081500000004,-73.73271883333334,2017:08:04 11:01:50,65.4,3000,4000,48.3
DJI_0334_11.JPG,40.84808780555556,-73.19867377777778,2017:08:11 10:37:12,9.9,3000,4000,40.4
DJI_0334_16.JPG,40.84808780555556,-73.19867377777778,2017:08:11 10:37:12,9.9,3000,4000,40.4
DJI_0334_24.JPG,40.84808780555556,-73.19867377777778,2017:08:11 10:37:12,9.9,3000,4000,40.4
DJI_0334_40.JPG,40.84808780555556,-73.19867377777778,2017:08:11 10:37:12,9.9,3000,4000,40.4
DJI_0334_8.JPG,40.84808780555556,-73.19867377777778,2017:08:11 10:37:12,9.9,3000,4000,40.4
DJI_0335_1.JPG,40.84823027777778,-73.19876422222222,2017:08:11 10:37:24,9.3,3000,4000,40.3
DJI_0335_12.JPG,40.84823027777778,-73.19876422222222,2017:08:11 10:37:24,9.3,3000,4000,40.3
DJI_0336_10.JPG,40.84835891666667,-73.19871155555556,2017:08:11 10:37:34,10.1,3000,4000,40.4
DJI_0336_11.JPG,40.84835891666667,-73.19871155555556,2017:08:11 10:37:34,10.1,3000,4000,40.4
DJI_0336_18.JPG,40.84835891666667,-73.19871155555556,2017:08:11 10:37:34,10.1,3000,4000,40.4
DJI_0337_1.JPG,40.84843494444445,-73.19884675,2017:08:11 10:37:44,9.8,3000,4000,40.4
DJI_0387_17.JPG,40.84788125,-73.19836533333334,2017:08:11 10:45:09,174.9,3000,4000,40.5
DJI_0387_2.JPG,40.84788125,-73.19836533333334,2017:08:11 10:45:09,174.9,3000,4000,40.5
DJI_0387_24.JPG,40.84788125,-73.19836533333334,2017:08:11 10:45:09,174.9,3000,4000,40.5
DJI_0387_32.JPG,40.84788125,-73.19836533333334,2017:08:11 10:45:09,174.9,3000,4000,40.5
DJI_0387_37.JPG,40.84788125,-73.19836533333334,2017:08:11 10:45:09,174.9,3000,4000,40.5
DJI_0388_21.JPG,40.84791038888889,-73.19825733333333,2017:08:11 10:45:14,177.1,3000,4000,40.4
DJI_0388_25.JPG,40.84791038888889,-73.19825733333333,2017:08:11 10:45:14,177.1,3000,4000,40.4
DJI_0389_16.JPG,40.84765216666667,-73.19849091666667,2017:08:11 10:45:40,177.4,3000,4000,40.5
DJI_0389_6.JPG,40.84765216666667,-73.19849091666667,2017:08:11 10:45:40,177.4,3000,4000,40.5
DJI_0390_25.JPG,40.84765652777778,-73.19849075,2017:08:11 10:45:46,177.4,3000,4000,40.6
DJI_0393_19.JPG,40.85192777777778,-73.19485905555555,2017:08:11 10:54:11,179.6,3000,4000,40.7
DJI_0393_21.JPG,40.85192777777778,-73.19485905555555,2017:08:11 10:54:11,179.6,3000,4000,40.7
DJI_0393_29.JPG,40.85192777777778,-73.19485905555555,2017:08:11 10:54:11,179.6,3000,4000,40.7
DJI_0393_43.JPG,40.85192777777778,-73.19485905555555,2017:08:11 10:54:11,179.6,3000,4000,40.7
DJI_0393_7.JPG,40.85192777777778,-73.19485905555555,2017:08:11 10:54:11,179.6,3000,4000,40.7
DJI_0395_11.JPG,40.85203422222222,-73.19497091666668,2017:08:11 10:54:32,184.6,3000,4000,40.3
DJI_0395_21.JPG,40.85203422222222,-73.19497091666668,2017:08:11 10:54:32,184.6,3000,4000,40.3
DJI_0395_3.JPG,40.85203422222222,-73.19497091666668,2017:08:11 10:54:32,184.6,3000,4000,40.3
DJI_0395_31.JPG,40.85203422222222,-73.19497091666668,2017:08:11 10:54:32,184.6,3000,4000,40.3
DJI_0427_38.JPG,40.84969180555556,-73.19500091666667,2017:08:11 10:59:34,183.6,3000,4000,40.3
DJI_0427_39.JPG,40.84969180555556,-73.19500091666667,2017:08:11 10:59:34,183.6,3000,4000,40.3
DJI_0427_4.JPG,40.84969180555556,-73.19500091666667,2017:08:11 10:59:34,183.6,3000,4000,40.3
DJI_0428_28.JPG,40.849592694444446,-73.19500919444445,2017:08:11 10:59:42,181.6,3000,4000,40.3
DJI_0429_31.JPG,40.84951352777778,-73.19502327777778,2017:08:11 10:59:46,183.8,3000,4000,40.2
G0013831_1.JPG,40.967722399972224,-73.73162469997223,2017:07:20 10:23:14,,3000,4000,19.051
G0013831_10.JPG,40.967722399972224,-73.73162469997223,2017:07:20 10:23:14,,3000,4000,19.051
G0013831_11.JPG,40.967722399972224,-73.73162469997223,2017:07:20 10:23:14,,3000,4000,19.051
G0013831_12.JPG,40.967722399972224,-73.73162469997223,2017:07:20 10:23:14,,3000,4000,19.051
G0013831_13.JPG,40.967722399972224,-73.73162469997223,2017:07:20 10:23:14,,3000,4000,19.051
G0013831_15.JPG,40.967722399972224,-73.73162469997223,2017:07:20 10:23:14,,3000,4000,19.051
G0013831_2.JPG,40.967722399972224,-73.73162469997223,2017:07:20 10:23:14,,3000,4000,19.051
G0013831_21.JPG,40.967722399972224,-73.73162469997223,2017:07:20 10:23:14,,3000,4000,19.051
G0013831_23.JPG,40.967722399972224,-73.73162469997223,2017:07:20 10:23:14,,3000,4000,19.051
G0013831_3.JPG,40.967722399972224,-73.73162469997223,2017:07:20 10:23:14,,3000,4000,19.051
G0013831_6.JPG,40.967722399972224,-73.73162469997223,2017:07:20 10:23:14,,3000,4000,19.051
G0013831_9.JPG,40.967722399972224,-73.73162469997223,2017:07:20 10:23:14,,3000,4000,19.051
G0013832_2.JPG,40.96767222222223,-73.7318138888889,2017:07:20 10:23:19,,3000,4000,10.711
G0013832_22.JPG,40.96767349997222,-73.73181259997223,2017:07:20 10:23:19,,3000,4000,10.711
G0013832_3.JPG,40.96767349997222,-73.73181259997223,2017:07:20 10:23:19,,3000,4000,10.711
G0013832_5.JPG,40.96767349997222,-73.73181259997223,2017:07:20 10:23:19,,3000,4000,10.711
G0013832_6.JPG,40.96767349997222,-73.73181259997223,2017:07:20 10:23:19,,3000,4000,10.711
G0013832_8.JPG,40.96767349997222,-73.73181259997223,2017:07:20 10:23:19,,3000,4000,10.711
G0013832_9.JPG,40.96767349997222,-73.73181259997223,2017:07:20 10:23:19,,3000,4000,10.711
G0013833_0.JPG,40.967598899972224,-73.7320191,2017:07:20 10:23:24,,3000,4000,4.362
G0013833_10.JPG,40.967598899972224,-73.7320191,2017:07:20 10:23:24,,3000,4000,4.362
G0013833_14.JPG,40.967598899972224,-73.7320191,2017:07:20 10:23:24,,3000,4000,4.362
G0013833_15.JPG,40.967598899972224,-73.7320191,2017:07:20 10:23:24,,3000,4000,4.362
G0013833_17.JPG,40.967598899972224,-73.7320191,2017:07:20 10:23:24,,3000,4000,4.362
G0013833_2.JPG,40.967598899972224,-73.7320191,2017:07:20 10:23:24,,3000,4000,4.362
G0013833_20.JPG,40.967598899972224,-73.7320191,2017:07:20 10:23:24,,3000,4000,4.362
G0013834_1.JPG,40.967538199972225,-73.73222199997223,2017:07:20 10:23:29,,3000,4000,2.047
G0013834_12.JPG,40.967538199972225,-73.73222199997223,2017:07:20 10:23:29,,3000,4000,2.047
G0013834_2.JPG,40.967538199972225,-73.73222199997223,2017:07:20 10:23:29,,3000,4000,2.047
G0013834_3.JPG,40.967538199972225,-73.73222199997223,2017:07:20 10:23:29,,3000,4000,2.047
G0013835_10.JPG,40.9674909,-73.7324157,2017:07:20 10:23:34,,3000,4000,0.222
G0013835_13.JPG,40.9674909,-73.7324157,2017:07:20 10:23:34,,3000,4000,0.222
G0013835_14.JPG,40.9674909,-73.7324157,2017:07:20 10:23:34,,3000,4000,0.222
G0013835_15.JPG,40.9674909,-73.7324157,2017:07:20 10:23:34,,3000,4000,0.222
G0013835_5.JPG,40.9674909,-73.7324157,2017:07:20 10:23:34,,3000,4000,0.222
G0013835_7.JPG,40.9674909,-73.7324157,2017:07:20 10:23:34,,3000,4000,0.222
G0013835_8.JPG,40.9674909,-73.7324157,2017:07:20 10:23:34,,3000,4000,0.222
G0013836_19.JPG,40.967472499972224,-73.7324404,2017:07:20 10:23:39,,3000,4000,2.325
G0013836_5.JPG,40.967472499972224,-73.7324404,2017:07:20 10:23:39,,3000,4000,2.325
G0013836_6.JPG,40.967472499972224,-73.7324404,2017:07:20 10:23:39,,3000,4000,2.325
G0013836_7.JPG,40.967472499972224,-73.7324404,2017:07:20 10:23:39,,3000,4000,2.325
G0013840_10.JPG,40.967371499972224,-73.73263939997223,2017:07:20 10:23:59,,3000,4000,0.278
G0013841_10.JPG,40.96731129997222,-73.732855,2017:07:20 10:24:04,,3000,4000,2.704
G0013841_7.JPG,40.96731129997222,-73.732855,2017:07:20 10:24:04,,3000,4000,2.704
G0013842_1.JPG,40.9672568,-73.733063,2017:07:20 10:24:09,,3000,4000,5.114
G0013842_12.JPG,40.9672568,-73.733063,2017:07:20 10:24:09,,3000,4000,5.114
G0013842_6.JPG,40.9672568,-73.733063,2017:07:20 10:24:09,,3000,4000,5.114
G0013842_8.JPG,40.9672568,-73.733063,2017:07:20 10:24:09,,3000,4000,5.114
G0013843_1.JPG,40.9672009,-73.7332801,2017:07:20 10:24:14,,3000,4000,7.599
G0013843_10.JPG,40.9672009,-73.7332801,2017:07:20 10:24:14,,3000,4000,7.599
G0013843_13.JPG,40.9672009,-73.7332801,2017:07:20 10:24:14,,3000,4000,7.599
G0013843_14.JPG,40.9672009,-73.7332801,2017:07:20 10:24:14,,3000,4000,7.599
G0013843_2.JPG,40.9672009,-73.7332801,2017:07:20 10:24:14,,3000,4000,7.599
G0013843_22.JPG,40.9672009,-73.7332801,2017:07:20 10:24:14,,3000,4000,7.599
G0013843_4.JPG,40.9672009,-73.7332801,2017:07:20 10:24:14,,3000,4000,7.599
G0013843_7.JPG,40.9672009,-73.7332801,2017:07:20 10:24:14,,3000,4000,7.599
G0013844_0.JPG,40.96714,-73.73349299997223,2017:07:20 10:24:19,,3000,4000,7.667
G0013844_19.JPG,40.96714,-73.73349299997223,2017:07:20 10:24:19,,3000,4000,7.667
G0013844_6.JPG,40.96714,-73.73349299997223,2017:07:20 10:24:19,,3000,4000,7.667
G0013845_1.JPG,40.9670995,-73.73373119997223,2017:07:20 10:24:24,,3000,4000,7.369
G0013845_12.JPG,40.9670995,-73.73373119997223,2017:07:20 10:24:24,,3000,4000,7.369
G0013845_8.JPG,40.9670995,-73.73373119997223,2017:07:20 10:24:24,,3000,4000,7.369
G0013846_1.JPG,40.9670368,-73.7339625,2017:07:20 10:24:29,,3000,4000,7.075
G0013846_13.JPG,40.9670368,-73.7339625,2017:07:20 10:24:29,,3000,4000,7.075
G0013846_15.JPG,40.9670368,-73.7339625,2017:07:20 10:24:29,,3000,4000,7.075
G0013846_16.JPG,40.9670368,-73.7339625,2017:07:20 10:24:29,,3000,4000,7.075
G0013846_2.JPG,40.9670368,-73.7339625,2017:07:20 10:24:29,,3000,4000,7.075
G0013846_5.JPG,40.9670368,-73.7339625,2017:07:20 10:24:29,,3000,4000,7.075
G0013846_7.JPG,40.9670368,-73.7339625,2017:07:20 10:24:29,,3000,4000,7.075
G0013847_2.JPG,40.9669706,-73.73419699997223,2017:07:20 10:24:34,,3000,4000,6.368
G0013848_1.JPG,40.966914899972224,-73.73442629997223,2017:07:20 10:24:39,,3000,4000,5.725
G0013848_2.JPG,40.966914899972224,-73.73442629997223,2017:07:20 10:24:39,,3000,4000,5.725
G0013848_9.JPG,40.966914899972224,-73.73442629997223,2017:07:20 10:24:39,,3000,4000,5.725
G0013849_1.JPG,40.96688,-73.73453139997223,2017:07:20 10:24:44,,3000,4000,2.879
G0013849_13.JPG,40.96688,-73.73453139997223,2017:07:20 10:24:44,,3000,4000,2.879
G0013849_2.JPG,40.96688,-73.73453139997223,2017:07:20 10:24:44,,3000,4000,2.879
G0013849_22.JPG,40.96688,-73.73453139997223,2017:07:20 10:24:44,,3000,4000,2.879
G0013852_13.JPG,40.96691839997222,-73.734643,2017:07:20 10:24:59,,3000,4000,6.661
G0013852_3.JPG,40.96691839997222,-73.734643,2017:07:20 10:24:59,,3000,4000,6.661
G0013852_8.JPG,40.96691839997222,-73.734643,2017:07:20 10:24:59,,3000,4000,6.661
G0013853_2.JPG,40.967086399972224,-73.73481329997222,2017:07:20 10:25:04,,3000,4000,6.221
G0013853_4.JPG,40.967086399972224,-73.73481329997222,2017:07:20 10:25:04,,3000,4000,6.221
G0013854_10.JPG,40.96729729997222,-73.73497539997223,2017:07:20 10:25:09,,3000,4000,4.67
G0013854_16.JPG,40.96729729997222,-73.73497539997223,2017:07:20 10:25:09,,3000,4000,4.67
G0013854_2.JPG,40.96729729997222,-73.73497539997223,2017:07:20 10:25:09,,3000,4000,4.67
G0013854_22.JPG,40.96729729997222,-73.73497539997223,2017:07:20 10:25:09,,3000,4000,4.67
G0013854_3.JPG,40.96729729997222,-73.73497539997223,2017:07:20 10:25:09,,3000,4000,4.67
G0013855_19.JPG,40.9673346,-73.7350354,2017:07:20 10:25:14,,3000,4000,4.402
G0013855_21.JPG,40.9673346,-73.7350354,2017:07:20 10:25:14,,3000,4000,4.402
G0013855_5.JPG,40.9673346,-73.7350354,2017:07:20 10:25:14,,3000,4000,4.402
G0013855_9.JPG,40.9673346,-73.7350354,2017:07:20 10:25:14,,3000,4000,4.402
G0013856_16.JPG,40.967260899972224,-73.73514849997223,2017:07:20 10:25:19,,3000,4000,1.499
G0013856_22.JPG,40.967260899972224,-73.73514849997223,2017:07:20 10:25:19,,3000,4000,1.499
G0013857_1.JPG,40.9671978,-73.73534859997223,2017:07:20 10:25:24,,3000,4000,1.545
G0013857_10.JPG,40.9671978,-73.73534859997223,2017:07:20 10:25:24,,3000,4000,1.545
G0013857_12.JPG,40.9671978,-73.73534859997223,2017:07:20 10:25:24,,3000,4000,1.545
G0013857_5.JPG,40.9671978,-73.73534859997223,2017:07:20 10:25:24,,3000,4000,1.545
G0013857_7.JPG,40.9671978,-73.73534859997223,2017:07:20 10:25:24,,3000,4000,1.545
G0013858_0.JPG,40.9671413,-73.7355481,2017:07:20 10:25:29,,3000,4000,1.602
G0013858_1.JPG,40.9671413,-73.7355481,2017:07:20 10:25:29,,3000,4000,1.602
G0013858_12.JPG,40.9671413,-73.7355481,2017:07:20 10:25:29,,3000,4000,1.602
G0013858_13.JPG,40.9671413,-73.7355481,2017:07:20 10:25:29,,3000,4000,1.602
G0013858_5.JPG,40.9671413,-73.7355481,2017:07:20 10:25:29,,3000,4000,1.602
G0013859_12.JPG,40.96712509997222,-73.73565229997223,2017:07:20 10:25:34,,3000,4000,4.97
G0013859_13.JPG,40.96712509997222,-73.73565229997223,2017:07:20 10:25:34,,3000,4000,4.97
G0013859_14.JPG,40.96712509997222,-73.73565229997223,2017:07:20 10:25:34,,3000,4000,4.97
G0013859_18.JPG,40.96712509997222,-73.73565229997223,2017:07:20 10:25:34,,3000,4000,4.97
G0013859_19.JPG,40.96712509997222,-73.73565229997223,2017:07:20 10:25:34,,3000,4000,4.97
G0013860_13.JPG,40.96713239997222,-73.7356888,2017:07:20 10:25:39,,3000,4000,15.451
G0013861_1.JPG,40.9671261,-73.73574,2017:07:20 10:25:44,,3000,4000,24.331
G0013861_11.JPG,40.9671261,-73.73574,2017:07:20 10:25:44,,3000,4000,24.331
G0013862_2.JPG,40.967144099972224,-73.73579259997223,2017:07:20 10:25:49,,3000,4000,29.737
G0013862_3.JPG,40.967144099972224,-73.73579259997223,2017:07:20 10:25:49,,3000,4000,29.737
G0013862_7.JPG,40.967144099972224,-73.73579259997223,2017:07:20 10:25:49,,3000,4000,29.737
G0013862_8.JPG,40.967144099972224,-73.73579259997223,2017:07:20 10:25:49,,3000,4000,29.737
G0013863_13.JPG,40.96709479997222,-73.73573179997223,2017:07:20 10:25:54,,3000,4000,15.233
G0013863_14.JPG,40.96709479997222,-73.73573179997223,2017:07:20 10:25:54,,3000,4000,15.233
G0013863_2.JPG,40.96709479997222,-73.73573179997223,2017:07:20 10:25:54,,3000,4000,15.233
G0013863_20.JPG,40.96709479997222,-73.73573179997223,2017:07:20 10:25:54,,3000,4000,15.233
G0013863_8.JPG,40.96709479997222,-73.73573179997223,2017:07:20 10:25:54,,3000,4000,15.233
G0013864_10.JPG,40.9669491,-73.7356599,2017:07:20 10:25:59,,3000,4000,7.331
G0013864_11.JPG,40.9669491,-73.7356599,2017:07:20 10:25:59,,3000,4000,7.331
G0013864_14.JPG,40.9669491,-73.7356599,2017:07:20 10:25:59,,3000,4000,7.331
G0013864_16.JPG,40.9669491,-73.7356599,2017:07:20 10:25:59,,3000,4000,7.331
G0013864_2.JPG,40.9669491,-73.7356599,2017:07:20 10:25:59,,3000,4000,7.331
G0013864_8.JPG,40.9669491,-73.7356599,2017:07:20 10:25:59,,3000,4000,7.331
G0013865_17.JPG,40.9668027,-73.73557889997223,2017:07:20 10:26:04,,3000,4000,0.976
G0013865_2.JPG,40.9668027,-73.73557889997223,2017:07:20 10:26:04,,3000,4000,0.976
G0013865_22.JPG,40.9668027,-73.73557889997223,2017:07:20 10:26:04,,3000,4000,0.976
G0013865_7.JPG,40.9668027,-73.73557889997223,2017:07:20 10:26:04,,3000,4000,0.976
G0013865_8.JPG,40.9668027,-73.73557889997223,2017:07:20 10:26:04,,3000,4000,0.976
G0013866_0.JPG,40.9666842,-73.73551999997223,2017:07:20 10:26:09,,3000,4000,0.967
G0013866_1.JPG,40.9666842,-73.73551999997223,2017:07:20 10:26:09,,3000,4000,0.967
G0013866_8.JPG,40.9666842,-73.73551999997223,2017:07:20 10:26:09,,3000,4000,0.967
G0013866_9.JPG,40.9666842,-73.73551999997223,2017:07:20 10:26:09,,3000,4000,0.967
G0013867_0.JPG,40.966682699972225,-73.735444,2017:07:20 10:26:14,,3000,4000,0.372
G0013867_13.JPG,40.966682699972225,-73.735444,2017:07:20 10:26:14,,3000,4000,0.372
G0013867_14.JPG,40.966682699972225,-73.735444,2017:07:20 10:26:14,,3000,4000,0.372
G0013867_3.JPG,40.966682699972225,-73.735444,2017:07:20 10:26:14,,3000,4000,0.372
G0013867_7.JPG,40.966682699972225,-73.735444,2017:07:20 10:26:14,,3000,4000,0.372
G0013868_0.JPG,40.96674149997222,-73.73520329997223,2017:07:20 10:26:19,,3000,4000,1.56
G0013868_1.JPG,40.96674149997222,-73.73520329997223,2017:07:20 10:26:19,,3000,4000,1.56
G0013868_12.JPG,40.96674149997222,-73.73520329997223,2017:07:20 10:26:19,,3000,4000,1.56
G0013868_18.JPG,40.96674149997222,-73.73520329997223,2017:07:20 10:26:19,,3000,4000,1.56
G0013868_2.JPG,40.96674149997222,-73.73520329997223,2017:07:20 10:26:19,,3000,4000,1.56
G0013868_20.JPG,40.96674149997222,-73.73520329997223,2017:07:20 10:26:19,,3000,4000,1.56
G0013868_21.JPG,40.96674149997222,-73.73520329997223,2017:07:20 10:26:19,,3000,4000,1.56
G0013868_23.JPG,40.96674149997222,-73.73520329997223,2017:07:20 10:26:19,,3000,4000,1.56
G0013868_5.JPG,40.96674149997222,-73.73520329997223,2017:07:20 10:26:19,,3000,4000,1.56
G0013869_3.JPG,40.9667589,-73.73497089997223,2017:07:20 10:26:24,,3000,4000,1.878
G0013869_9.JPG,40.9667589,-73.73497089997223,2017:07:20 10:26:24,,3000,4000,1.878
G0013870_12.JPG,40.9666319,-73.73485189997223,2017:07:20 10:26:29,,3000,4000,3.219
G0013870_15.JPG,40.9666319,-73.73485189997223,2017:07:20 10:26:29,,3000,4000,3.219
G0013870_8.JPG,40.9666319,-73.73485189997223,2017:07:20 10:26:29,,3000,4000,3.219
G0013871_7.JPG,40.9664736,-73.73479089997223,2017:07:20 10:26:34,,3000,4000,5.863
G0013873_0.JPG,40.966387799972225,-73.7347467,2017:07:20 10:26:44,,3000,4000,4.38
G0013875_2.JPG,40.96637779997223,-73.7347309,2017:07:20 10:26:54,,3000,4000,2.857
G0013876_10.JPG,40.966431599972225,-73.7345624,2017:07:20 10:26:59,,3000,4000,3.065
G0013876_11.JPG,40.966431599972225,-73.7345624,2017:07:20 10:26:59,,3000,4000,3.065
G0013876_16.JPG,40.966431599972225,-73.7345624,2017:07:20 10:26:59,,3000,4000,3.065
G0013876_17.JPG,40.966431599972225,-73.7345624,2017:07:20 10:26:59,,3000,4000,3.065
G0013876_23.JPG,40.966431599972225,-73.7345624,2017:07:20 10:26:59,,3000,4000,3.065
G0013877_1.JPG,40.96648179997222,-73.7343058,2017:07:20 10:27:04,,3000,4000,5.404
G0013877_12.JPG,40.96648179997222,-73.7343058,2017:07:20 10:27:04,,3000,4000,5.404
G0013877_15.JPG,40.96648179997222,-73.7343058,2017:07:20 10:27:04,,3000,4000,5.404
G0013877_2.JPG,40.96648179997222,-73.7343058,2017:07:20 10:27:04,,3000,4000,5.404
G0013877_21.JPG,40.96648179997222,-73.7343058,2017:07:20 10:27:04,,3000,4000,5.404
G0013877_23.JPG,40.96648179997222,-73.7343058,2017:07:20 10:27:04,,3000,4000,5.404
G0013877_5.JPG,40.96648179997222,-73.7343058,2017:07:20 10:27:04,,3000,4000,5.404
G0013878_0.JPG,40.966533699972224,-73.73404419997222,2017:07:20 10:27:09,,3000,4000,5.116
G0013878_19.JPG,40.966533699972224,-73.73404419997222,2017:07:20 10:27:09,,3000,4000,5.116
G0013879_10.JPG,40.96659199997222,-73.73377659997222,2017:07:20 10:27:14,,3000,4000,5.568
G0013879_15.JPG,40.96659199997222,-73.73377659997222,2017:07:20 10:27:14,,3000,4000,5.568
G0013879_5.JPG,40.96659199997222,-73.73377659997222,2017:07:20 10:27:14,,3000,4000,5.568
G0013879_7.JPG,40.96659199997222,-73.73377659997222,2017:07:20 10:27:14,,3000,4000,5.568
G0013879_9.JPG,40.96659199997222,-73.73377659997222,2017:07:20 10:27:14,,3000,4000,5.568
G0013880_13.JPG,40.9666555,-73.7334958,2017:07:20 10:27:19,,3000,4000,4.283
G0013880_7.JPG,40.9666555,-73.7334958,2017:07:20 10:27:19,,3000,4000,4.283
G0013880_8.JPG,40.9666555,-73.7334958,2017:07:20 10:27:19,,3000,4000,4.283
G0013880_9.JPG,40.9666555,-73.7334958,2017:07:20 10:27:19,,3000,4000,4.283
G0013882_1.JPG,40.966717299972224,-73.7331187,2017:07:20 10:27:29,,3000,4000,6.262
G0013882_14.JPG,40.966717299972224,-73.7331187,2017:07:20 10:27:29,,3000,4000,6.262
G0013882_6.JPG,40.966717299972224,-73.7331187,2017:07:20 10:27:29,,3000,4000,6.262
G0013882_7.JPG,40.966717299972224,-73.7331187,2017:07:20 10:27:29,,3000,4000,6.262
G0013884_1.JPG,40.96673539997222,-73.73310349997223,2017:07:20 10:27:39,,3000,4000,7.414
G0013884_7.JPG,40.96673539997222,-73.73310349997223,2017:07:20 10:27:39,,3000,4000,7.414
G0013885_8.JPG,40.9667395,-73.7330948,2017:07:20 10:27:44,,3000,4000,7.958
G0013886_0.JPG,40.9667788,-73.7329114,2017:07:20 10:27:49,,3000,4000,6.661
G0013886_2.JPG,40.9667788,-73.7329114,2017:07:20 10:27:49,,3000,4000,6.661
G0013887_7.JPG,40.9668186,-73.73265539997223,2017:07:20 10:27:54,,3000,4000,5.942
G0013889_14.JPG,40.9669675,-73.73219969997223,2017:07:20 10:28:04,,3000,4000,6.976
G0013889_18.JPG,40.9669675,-73.73219969997223,2017:07:20 10:28:04,,3000,4000,6.976
G0013889_19.JPG,40.9669675,-73.73219969997223,2017:07:20 10:28:04,,3000,4000,6.976
G0024017.JPG,40.967393,-73.7318529,2017:07:20 11:00:48,,3000,4000,4.796
G0024017_11.JPG,40.967393,-73.7318529,2017:07:20 11:00:48,,3000,4000,4.796
G0024017_14.JPG,40.967393,-73.7318529,2017:07:20 11:00:48,,3000,4000,4.796
G0024017_17.JPG,40.967393,-73.7318529,2017:07:20 11:00:48,,3000,4000,4.796
G0024017_2.JPG,40.967393,-73.7318529,2017:07:20 11:00:48,,3000,4000,4.796
G0024017_3.JPG,40.967393,-73.7318529,2017:07:20 11:00:48,,3000,4000,4.796
G0024017_4.JPG,40.967393,-73.7318529,2017:07:20 11:00:48,,3000,4000,4.796
G0024017_5.JPG,40.967393,-73.7318529,2017:07:20 11:00:48,,3000,4000,4.796
G0024017_8.JPG,40.967393,-73.7318529,2017:07:20 11:00:48,,3000,4000,4.796
G0024017_9.JPG,40.967393,-73.7318529,2017:07:20 11:00:48,,3000,4000,4.796
G0024018_0.JPG,40.96731309997222,-73.73209269997223,2017:07:20 11:00:53,,3000,4000,4.704
G0024018_1.JPG,40.96731309997222,-73.73209269997223,2017:07:20 11:00:53,,3000,4000,4.704
G0024018_14.JPG,40.96731309997222,-73.73209269997223,2017:07:20 11:00:53,,3000,4000,4.704
G0024018_15.JPG,40.96731309997222,-73.73209269997223,2017:07:20 11:00:53,,3000,4000,4.704
G0024018_17.JPG,40.96731309997222,-73.73209269997223,2017:07:20 11:00:53,,3000,4000,4.704
G0024018_20.JPG,40.96731309997222,-73.73209269997223,2017:07:20 11:00:53,,3000,4000,4.704
G0024018_21.JPG,40.96731309997222,-73.73209269997223,2017:07:20 11:00:53,,3000,4000,4.704
G0024018_3.JPG,40.96731309997222,-73.73209269997223,2017:07:20 11:00:53,,3000,4000,4.704
G0024018_4.JPG,40.96731309997222,-73.73209269997223,2017:07:20 11:00:53,,3000,4000,4.704
G0024018_8.JPG,40.96731309997222,-73.73209269997223,2017:07:20 11:00:53,,3000,4000,4.704
G0024019_12.JPG,40.967245699972224,-73.73232869997223,2017:07:20 11:00:58,,3000,4000,3.901
G0024019_21.JPG,40.967245699972224,-73.73232869997223,2017:07:20 11:00:58,,3000,4000,3.901
G0024019_4.JPG,40.967245699972224,-73.73232869997223,2017:07:20 11:00:58,,3000,4000,3.901
G0024020_17.JPG,40.9672093,-73.7324969,2017:07:20 11:01:03,,3000,4000,6.055
G0024020_20.JPG,40.9672093,-73.7324969,2017:07:20 11:01:03,,3000,4000,6.055
G0024020_22.JPG,40.9672093,-73.7324969,2017:07:20 11:01:03,,3000,4000,6.055
G0024021_14.JPG,40.9672312,-73.7325193,2017:07:20 11:01:08,,3000,4000,6.856
G0024021_15.JPG,40.9672312,-73.7325193,2017:07:20 11:01:08,,3000,4000,6.856
G0024021_16.JPG,40.9672312,-73.7325193,2017:07:20 11:01:08,,3000,4000,6.856
G0024021_17.JPG,40.9672312,-73.7325193,2017:07:20 11:01:08,,3000,4000,6.856
G0024022_20.JPG,40.9672307,-73.732538,2017:07:20 11:01:13,,3000,4000,5.585
G0024024_19.JPG,40.96723519997222,-73.73259629997223,2017:07:20 11:01:23,,3000,4000,2.315
G0024025_2.JPG,40.9671353,-73.7325799,2017:07:20 11:01:28,,3000,4000,6.479
G0024026_11.JPG,40.9669402,-73.7325098,2017:07:20 11:01:33,,3000,4000,9.24
G0024026_17.JPG,40.9669402,-73.7325098,2017:07:20 11:01:33,,3000,4000,9.24
G0024026_6.JPG,40.9669402,-73.7325098,2017:07:20 11:01:33,,3000,4000,9.24
G0024027_15.JPG,40.966713099972225,-73.7324061,2017:07:20 11:01:38,,3000,4000,10.774
G0024027_16.JPG,40.966713099972225,-73.7324061,2017:07:20 11:01:38,,3000,4000,10.774
G0024029_10.JPG,40.9663344,-73.73222749997223,2017:07:20 11:01:48,,3000,4000,13.002
G0024029_11.JPG,40.9663344,-73.73222749997223,2017:07:20 11:01:48,,3000,4000,13.002
G0024029_14.JPG,40.9663344,-73.73222749997223,2017:07:20 11:01:48,,3000,4000,13.002
G0024029_15.JPG,40.9663344,-73.73222749997223,2017:07:20 11:01:48,,3000,4000,13.002
G0024029_18.JPG,40.9663344,-73.73222749997223,2017:07:20 11:01:48,,3000,4000,13.002
G0024029_2.JPG,40.9663344,-73.73222749997223,2017:07:20 11:01:48,,3000,4000,13.002
G0024029_22.JPG,40.9663344,-73.73222749997223,2017:07:20 11:01:48,,3000,4000,13.002
G0024029_7.JPG,40.9663344,-73.73222749997223,2017:07:20 11:01:48,,3000,4000,13.002
G0024029_8.JPG,40.9663344,-73.73222749997223,2017:07:20 11:01:48,,3000,4000,13.002
G0024030_11.JPG,40.966213899972225,-73.73224349997223,2017:07:20 11:01:53,,3000,4000,13.593
G0024030_22.JPG,40.966213899972225,-73.73224349997223,2017:07:20 11:01:53,,3000,4000,13.593
G0024030_23.JPG,40.966213899972225,-73.73224349997223,2017:07:20 11:01:53,,3000,4000,13.593
G0024030_4.JPG,40.966213899972225,-73.73224349997223,2017:07:20 11:01:53,,3000,4000,13.593
G0024031_11.JPG,40.9661302,-73.73240649997223,2017:07:20 11:01:58,,3000,4000,19.541
G0024031_16.JPG,40.9661302,-73.73240649997223,2017:07:20 11:01:58,,3000,4000,19.541
G0024031_6.JPG,40.9661302,-73.73240649997223,2017:07:20 11:01:58,,3000,4000,19.541
G0024032_10.JPG,40.9660664,-73.73262359997223,2017:07:20 11:02:03,,3000,4000,21.282
G0024032_18.JPG,40.9660664,-73.73262359997223,2017:07:20 11:02:03,,3000,4000,21.282
G0024033_11.JPG,40.9660214,-73.73285959997223,2017:07:20 11:02:08,,3000,4000,20.133
G0024033_13.JPG,40.9660214,-73.73285959997223,2017:07:20 11:02:08,,3000,4000,20.133
G0024033_4.JPG,40.9660214,-73.73285959997223,2017:07:20 11:02:08,,3000,4000,20.133
G0024034_6.JPG,40.96603069997222,-73.7330706,2017:07:20 11:02:13,,3000,4000,18.95
G0024034_9.JPG,40.96603069997222,-73.7330706,2017:07:20 11:02:13,,3000,4000,18.95
G0024035_10.JPG,40.9661801,-73.7331805,2017:07:20 11:02:18,,3000,4000,13.606
G0024035_12.JPG,40.9661801,-73.7331805,2017:07:20 11:02:18,,3000,4000,13.606
G0024035_13.JPG,40.9661801,-73.7331805,2017:07:20 11:02:18,,3000,4000,13.606
G0024035_16.JPG,40.9661801,-73.7331805,2017:07:20 11:02:18,,3000,4000,13.606
G0024035_4.JPG,40.9661801,-73.7331805,2017:07:20 11:02:18,,3000,4000,13.606
G0024035_5.JPG,40.9661801,-73.7331805,2017:07:20 11:02:18,,3000,4000,13.606
G0024035_7.JPG,40.9661801,-73.7331805,2017:07:20 11:02:18,,3000,4000,13.606
G0024035_8.JPG,40.9661801,-73.7331805,2017:07:20 11:02:18,,3000,4000,13.606
G0024036_0.JPG,40.9663532,-73.73325699997223,2017:07:20 11:02:23,,3000,4000,10.583
G0024036_1.JPG,40.9663532,-73.73325699997223,2017:07:20 11:02:23,,3000,4000,10.583
G0024036_16.JPG,40.9663532,-73.73325699997223,2017:07:20 11:02:23,,3000,4000,10.583
G0024036_19.JPG,40.9663532,-73.73325699997223,2017:07:20 11:02:23,,3000,4000,10.583
G0024036_2.JPG,40.9663532,-73.73325699997223,2017:07:20 11:02:23,,3000,4000,10.583
G0024037_12.JPG,40.96652749997222,-73.7333213,2017:07:20 11:02:28,,3000,4000,6.451
G0024037_13.JPG,40.96652749997222,-73.7333213,2017:07:20 11:02:28,,3000,4000,6.451
G0024037_14.JPG,40.96652749997222,-73.7333213,2017:07:20 11:02:28,,3000,4000,6.451
G0024037_15.JPG,40.96652749997222,-73.7333213,2017:07:20 11:02:28,,3000,4000,6.451
G0024037_16.JPG,40.96652749997222,-73.7333213,2017:07:20 11:02:28,,3000,4000,6.451
G0024037_17.JPG,40.96652749997222,-73.7333213,2017:07:20 11:02:28,,3000,4000,6.451
G0024037_9.JPG,40.96652749997222,-73.7333213,2017:07:20 11:02:28,,3000,4000,6.451
G0024038_0.JPG,40.96669949997222,-73.73341019997223,2017:07:20 11:02:33,,3000,4000,2.54
G0024038_13.JPG,40.96669949997222,-73.73341019997223,2017:07:20 11:02:33,,3000,4000,2.54
G0024038_2.JPG,40.96669949997222,-73.73341019997223,2017:07:20 11:02:33,,3000,4000,2.54
G0024038_21.JPG,40.96669949997222,-73.73341019997223,2017:07:20 11:02:33,,3000,4000,2.54
G0024038_3.JPG,40.96669949997222,-73.73341019997223,2017:07:20 11:02:33,,3000,4000,2.54
G0024038_4.JPG,40.96669949997222,-73.73341019997223,2017:07:20 11:02:33,,3000,4000,2.54
G0024038_6.JPG,40.96669949997222,-73.73341019997223,2017:07:20 11:02:33,,3000,4000,2.54
G0024038_9.JPG,40.96669949997222,-73.73341019997223,2017:07:20 11:02:33,,3000,4000,2.54
G0024039_10.JPG,40.96687339997222,-73.7334835,2017:07:20 11:02:38,,3000,4000,1.05
G0024039_11.JPG,40.96687339997222,-73.7334835,2017:07:20 11:02:38,,3000,4000,1.05
G0024039_16.JPG,40.96687339997222,-73.7334835,2017:07:20 11:02:38,,3000,4000,1.05
G0024039_20.JPG,40.96687339997222,-73.7334835,2017:07:20 11:02:38,,3000,4000,1.05
G0024039_21.JPG,40.96687339997222,-73.7334835,2017:07:20 11:02:38,,3000,4000,1.05
G0024039_22.JPG,40.96687339997222,-73.7334835,2017:07:20 11:02:38,,3000,4000,1.05
G0024039_5.JPG,40.96687339997222,-73.7334835,2017:07:20 11:02:38,,3000,4000,1.05
G0024039_8.JPG,40.96687339997222,-73.7334835,2017:07:20 11:02:38,,3000,4000,1.05
G0024040_10.JPG,40.9668976,-73.73350209997223,2017:07:20 11:02:43,,3000,4000,3.342
G0024040_11.JPG,40.9668976,-73.73350209997223,2017:07:20 11:02:43,,3000,4000,3.342
G0024040_16.JPG,40.9668976,-73.73350209997223,2017:07:20 11:02:43,,3000,4000,3.342
G0024040_20.JPG,40.9668976,-73.73350209997223,2017:07:20 11:02:43,,3000,4000,3.342
G0024040_5.JPG,40.9668976,-73.73350209997223,2017:07:20 11:02:43,,3000,4000,3.342
G0024040_8.JPG,40.9668976,-73.73350209997223,2017:07:20 11:02:43,,3000,4000,3.342
G0024040_9.JPG,40.9668976,-73.73350209997223,2017:07:20 11:02:43,,3000,4000,3.342
G0024041_10.JPG,40.966891799972224,-73.7335233,2017:07:20 11:02:48,,3000,4000,3.745
G0024041_11.JPG,40.966891799972224,-73.7335233,2017:07:20 11:02:48,,3000,4000,3.745
G0024041_15.JPG,40.966891799972224,-73.7335233,2017:07:20 11:02:48,,3000,4000,3.745
G0024043_11.JPG,40.96690069997222,-73.73354319997222,2017:07:20 11:02:58,,3000,4000,0.718
G0024043_15.JPG,40.96690069997222,-73.73354319997222,2017:07:20 11:02:58,,3000,4000,0.718
G0024043_16.JPG,40.96690069997222,-73.73354319997222,2017:07:20 11:02:58,,3000,4000,0.718
G0024043_5.JPG,40.96690069997222,-73.73354319997222,2017:07:20 11:02:58,,3000,4000,0.718
G0024043_8.JPG,40.96690069997222,-73.73354319997222,2017:07:20 11:02:58,,3000,4000,0.718
G0024044_10.JPG,40.96689229997222,-73.733592,2017:07:20 11:03:03,,3000,4000,0.7
G0024044_12.JPG,40.96689229997222,-73.733592,2017:07:20 11:03:03,,3000,4000,0.7
G0024044_19.JPG,40.96689229997222,-73.733592,2017:07:20 11:03:03,,3000,4000,0.7
G0024044_21.JPG,40.96689229997222,-73.733592,2017:07:20 11:03:03,,3000,4000,0.7
G0024044_7.JPG,40.96689229997222,-73.733592,2017:07:20 11:03:03,,3000,4000,0.7
G0024045_17.JPG,40.966851699972224,-73.7337882,2017:07:20 11:03:08,,3000,4000,1.333
G0024046_5.JPG,40.966796,-73.73404449997223,2017:07:20 11:03:13,,3000,4000,0.786
G0024047_13.JPG,40.96673599997222,-73.7342931,2017:07:20 11:03:18,,3000,4000,2.074
G0024048_13.JPG,40.9666476,-73.7344515,2017:07:20 11:03:23,,3000,4000,0.804
G0024049_10.JPG,40.96646369997222,-73.734407,2017:07:20 11:03:28,,3000,4000,1.814
G0024049_3.JPG,40.96646369997222,-73.734407,2017:07:20 11:03:28,,3000,4000,1.814
G0024049_4.JPG,40.96646369997222,-73.734407,2017:07:20 11:03:28,,3000,4000,1.814
G0024049_9.JPG,40.96646369997222,-73.734407,2017:07:20 11:03:28,,3000,4000,1.814
G0024050_16.JPG,40.96626659997222,-73.73432029997223,2017:07:20 11:03:33,,3000,4000,2.09
G0024050_2.JPG,40.96626659997222,-73.73432029997223,2017:07:20 11:03:33,,3000,4000,2.09
G0024050_23.JPG,40.96626659997222,-73.73432029997223,2017:07:20 11:03:33,,3000,4000,2.09
G0024050_8.JPG,40.96626659997222,-73.73432029997223,2017:07:20 11:03:33,,3000,4000,2.09
G0024051_0.JPG,40.96605739997222,-73.7342198,2017:07:20 11:03:38,,3000,4000,4.024
G0024051_10.JPG,40.96605739997222,-73.7342198,2017:07:20 11:03:38,,3000,4000,4.024
G0024051_11.JPG,40.96605739997222,-73.7342198,2017:07:20 11:03:38,,3000,4000,4.024
G0024051_15.JPG,40.96605739997222,-73.7342198,2017:07:20 11:03:38,,3000,4000,4.024
G0024051_4.JPG,40.96605739997222,-73.7342198,2017:07:20 11:03:38,,3000,4000,4.024
G0024052_17.JPG,40.96586109997222,-73.7341377,2017:07:20 11:03:43,,3000,4000,3.677
G0024052_22.JPG,40.96586109997222,-73.7341377,2017:07:20 11:03:43,,3000,4000,3.677
G0024052_23.JPG,40.96586109997222,-73.7341377,2017:07:20 11:03:43,,3000,4000,3.677
G0024053_8.JPG,40.9657283,-73.73410789997223,2017:07:20 11:03:48,,3000,4000,2.933
G0024054_21.JPG,40.96570349997223,-73.7342213,2017:07:20 11:03:53,,3000,4000,0.408
G0024055_1.JPG,40.96572059997222,-73.7344391,2017:07:20 11:03:58,,3000,4000,0.558
G0024055_11.JPG,40.96572059997222,-73.7344391,2017:07:20 11:03:58,,3000,4000,0.558
G0024055_17.JPG,40.96572059997222,-73.7344391,2017:07:20 11:03:58,,3000,4000,0.558
G0024055_2.JPG,40.96572059997222,-73.7344391,2017:07:20 11:03:58,,3000,4000,0.558
G0024055_22.JPG,40.96572059997222,-73.7344391,2017:07:20 11:03:58,,3000,4000,0.558
G0024055_23.JPG,40.96572059997222,-73.7344391,2017:07:20 11:03:58,,3000,4000,0.558
G0024055_6.JPG,40.96572059997222,-73.7344391,2017:07:20 11:03:58,,3000,4000,0.558
G0024056_14.JPG,40.96572969997222,-73.73468649997223,2017:07:20 11:04:03,,3000,4000,3.831
G0024056_15.JPG,40.96572969997222,-73.73468649997223,2017:07:20 11:04:03,,3000,4000,3.831
G0024056_16.JPG,40.96572969997222,-73.73468649997223,2017:07:20 11:04:03,,3000,4000,3.831
G0024056_17.JPG,40.96572969997222,-73.73468649997223,2017:07:20 11:04:03,,3000,4000,3.831
G0024056_8.JPG,40.96572969997222,-73.73468649997223,2017:07:20 11:04:03,,3000,4000,3.831
G0024056_9.JPG,40.96572969997222,-73.73468649997223,2017:07:20 11:04:03,,3000,4000,3.831
G0024057_0.JPG,40.96574379997222,-73.7349025,2017:07:20 11:04:08,,3000,4000,4.311
G0024057_10.JPG,40.96574379997222,-73.7349025,2017:07:20 11:04:08,,3000,4000,4.311
G0024057_12.JPG,40.96574379997222,-73.7349025,2017:07:20 11:04:08,,3000,4000,4.311
G0024057_13.JPG,40.96574379997222,-73.7349025,2017:07:20 11:04:08,,3000,4000,4.311
G0024057_14.JPG,40.96574379997222,-73.7349025,2017:07:20 11:04:08,,3000,4000,4.311
G0024057_15.JPG,40.96574379997222,-73.7349025,2017:07:20 11:04:08,,3000,4000,4.311
G0024057_16.JPG,40.96574379997222,-73.7349025,2017:07:20 11:04:08,,3000,4000,4.311
G0024057_17.JPG,40.96574379997222,-73.7349025,2017:07:20 11:04:08,,3000,4000,4.311
G0024057_5.JPG,40.96574379997222,-73.7349025,2017:07:20 11:04:08,,3000,4000,4.311
G0024057_6.JPG,40.96574379997222,-73.7349025,2017:07:20 11:04:08,,3000,4000,4.311
G0024057_8.JPG,40.96574379997222,-73.7349025,2017:07:20 11:04:08,,3000,4000,4.311
G0024057_9.JPG,40.96574379997222,-73.7349025,2017:07:20 11:04:08,,3000,4000,4.311
G0024058_10.JPG,40.9657326,-73.73494239997223,2017:07:20 11:04:13,,3000,4000,4.759
G0024058_12.JPG,40.9657326,-73.73494239997223,2017:07:20 11:04:13,,3000,4000,4.759
G0024058_15.JPG,40.9657326,-73.73494239997223,2017:07:20 11:04:13,,3000,4000,4.759
G0024058_21.JPG,40.9657326,-73.73494239997223,2017:07:20 11:04:13,,3000,4000,4.759
G0024058_3.JPG,40.9657326,-73.73494239997223,2017:07:20 11:04:13,,3000,4000,4.759
G0024058_6.JPG,40.9657326,-73.73494239997223,2017:07:20 11:04:13,,3000,4000,4.759
G0024058_7.JPG,40.9657326,-73.73494239997223,2017:07:20 11:04:13,,3000,4000,4.759
G0024058_8.JPG,40.9657326,-73.73494239997223,2017:07:20 11:04:13,,3000,4000,4.759
G0024058_9.JPG,40.9657326,-73.73494239997223,2017:07:20 11:04:13,,3000,4000,4.759
G0024059_1.JPG,40.965581,-73.7349013,2017:07:20 11:04:18,,3000,4000,5.489
G0024059_10.JPG,40.965581,-73.7349013,2017:07:20 11:04:18,,3000,4000,5.489
G0024059_11.JPG,40.965581,-73.7349013,2017:07:20 11:04:18,,3000,4000,5.489
G0024059_16.JPG,40.965581,-73.7349013,2017:07:20 11:04:18,,3000,4000,5.489
G0024059_17.JPG,40.965581,-73.7349013,2017:07:20 11:04:18,,3000,4000,5.489
G0024059_19.JPG,40.965581,-73.7349013,2017:07:20 11:04:18,,3000,4000,5.489
G0024059_22.JPG,40.965581,-73.7349013,2017:07:20 11:04:18,,3000,4000,5.489
G0024059_23.JPG,40.965581,-73.7349013,2017:07:20 11:04:18,,3000,4000,5.489
G0024059_3.JPG,40.965581,-73.7349013,2017:07:20 11:04:18,,3000,4000,5.489
G0024059_4.JPG,40.965581,-73.7349013,2017:07:20 11:04:18,,3000,4000,5.489
G0024059_6.JPG,40.965581,-73.7349013,2017:07:20 11:04:18,,3000,4000,5.489
G0024060_1.JPG,40.96537639997222,-73.73486499997222,2017:07:20 11:04:23,,3000,4000,4.655
G0024060_10.JPG,40.96537639997222,-73.73486499997222,2017:07:20 11:04:23,,3000,4000,4.655
G0024060_13.JPG,40.96537639997222,-73.73486499997222,2017:07:20 11:04:23,,3000,4000,4.655
G0024060_14.JPG,40.96537639997222,-73.73486499997222,2017:07:20 11:04:23,,3000,4000,4.655
G0024060_15.JPG,40.96537639997222,-73.73486499997222,2017:07:20 11:04:23,,3000,4000,4.655
G0024060_18.JPG,40.96537639997222,-73.73486499997222,2017:07:20 11:04:23,,3000,4000,4.655
G0024060_19.JPG,40.96537639997222,-73.73486499997222,2017:07:20 11:04:23,,3000,4000,4.655
G0024060_2.JPG,40.96537639997222,-73.73486499997222,2017:07:20 11:04:23,,3000,4000,4.655
G0024060_21.JPG,40.96537639997222,-73.73486499997222,2017:07:20 11:04:23,,3000,4000,4.655
G0024060_3.JPG,40.96537639997222,-73.73486499997222,2017:07:20 11:04:23,,3000,4000,4.655
G0024060_7.JPG,40.96537639997222,-73.73486499997222,2017:07:20 11:04:23,,3000,4000,4.655
G0024060_8.JPG,40.96537639997222,-73.73486499997222,2017:07:20 11:04:23,,3000,4000,4.655
G0024060_9.JPG,40.96537639997222,-73.73486499997222,2017:07:20 11:04:23,,3000,4000,4.655
G0024061_13.JPG,40.9651866,-73.73482319997223,2017:07:20 11:04:28,,3000,4000,3.272
G0024061_14.JPG,40.9651866,-73.73482319997223,2017:07:20 11:04:28,,3000,4000,3.272
G0024061_15.JPG,40.9651866,-73.73482319997223,2017:07:20 11:04:28,,3000,4000,3.272
G0024061_16.JPG,40.9651866,-73.73482319997223,2017:07:20 11:04:28,,3000,4000,3.272
G0024061_17.JPG,40.9651866,-73.73482319997223,2017:07:20 11:04:28,,3000,4000,3.272
G0024061_19.JPG,40.9651866,-73.73482319997223,2017:07:20 11:04:28,,3000,4000,3.272
G0024061_22.JPG,40.9651866,-73.73482319997223,2017:07:20 11:04:28,,3000,4000,3.272
G0024061_23.JPG,40.9651866,-73.73482319997223,2017:07:20 11:04:28,,3000,4000,3.272
G0024061_7.JPG,40.9651866,-73.73482319997223,2017:07:20 11:04:28,,3000,4000,3.272
G0024062_1.JPG,40.9651318,-73.73481519997222,2017:07:20 11:04:33,,3000,4000,4.151
G0024062_14.JPG,40.9651318,-73.73481519997222,2017:07:20 11:04:33,,3000,4000,4.151
G0024062_19.JPG,40.9651318,-73.73481519997222,2017:07:20 11:04:33,,3000,4000,4.151
G0024062_20.JPG,40.9651318,-73.73481519997222,2017:07:20 11:04:33,,3000,4000,4.151
G0024062_21.JPG,40.9651318,-73.73481519997222,2017:07:20 11:04:33,,3000,4000,4.151
G0024062_22.JPG,40.9651318,-73.73481519997222,2017:07:20 11:04:33,,3000,4000,4.151
G0024062_4.JPG,40.9651318,-73.73481519997222,2017:07:20 11:04:33,,3000,4000,4.151
G0024062_7.JPG,40.9651318,-73.73481519997222,2017:07:20 11:04:33,,3000,4000,4.151
G0024062_9.JPG,40.9651318,-73.73481519997222,2017:07:20 11:04:33,,3000,4000,4.151
G0024063_13.JPG,40.96513029997222,-73.7348111,2017:07:20 11:04:38,,3000,4000,1.321
G0024066_0.JPG,40.96514599997222,-73.7347709,2017:07:20 11:04:53,,3000,4000,2.754
G0024066_1.JPG,40.96514599997222,-73.7347709,2017:07:20 11:04:53,,3000,4000,2.754
G0024066_12.JPG,40.96514599997222,-73.7347709,2017:07:20 11:04:53,,3000,4000,2.754
G0024066_2.JPG,40.96514599997222,-73.7347709,2017:07:20 11:04:53,,3000,4000,2.754
G0024066_6.JPG,40.96514599997222,-73.7347709,2017:07:20 11:04:53,,3000,4000,2.754
G0024067_1.JPG,40.9651937,-73.7345779,2017:07:20 11:04:58,,3000,4000,2.036
G0024067_12.JPG,40.9651937,-73.7345779,2017:07:20 11:04:58,,3000,4000,2.036
G0024067_13.JPG,40.9651937,-73.7345779,2017:07:20 11:04:58,,3000,4000,2.036
G0024067_19.JPG,40.9651937,-73.7345779,2017:07:20 11:04:58,,3000,4000,2.036
G0024067_2.JPG,40.9651937,-73.7345779,2017:07:20 11:04:58,,3000,4000,2.036
G0024067_20.JPG,40.9651937,-73.7345779,2017:07:20 11:04:58,,3000,4000,2.036
G0024067_8.JPG,40.9651937,-73.7345779,2017:07:20 11:04:58,,3000,4000,2.036
G0024068_10.JPG,40.96525549997222,-73.73433129997223,2017:07:20 11:05:03,,3000,4000,2.516
G0024068_11.JPG,40.96525549997222,-73.73433129997223,2017:07:20 11:05:03,,3000,4000,2.516
G0024068_14.JPG,40.96525549997222,-73.73433129997223,2017:07:20 11:05:03,,3000,4000,2.516
G0024068_2.JPG,40.96525549997222,-73.73433129997223,2017:07:20 11:05:03,,3000,4000,2.516
G0024068_8.JPG,40.96525549997222,-73.73433129997223,2017:07:20 11:05:03,,3000,4000,2.516
G0024068_9.JPG,40.96525549997222,-73.73433129997223,2017:07:20 11:05:03,,3000,4000,2.516
G0024069_1.JPG,40.965317699972225,-73.73407749997223,2017:07:20 11:05:08,,3000,4000,3.749
G0024069_13.JPG,40.965317699972225,-73.73407749997223,2017:07:20 11:05:08,,3000,4000,3.749
G0024069_19.JPG,40.965317699972225,-73.73407749997223,2017:07:20 11:05:08,,3000,4000,3.749
G0024069_3.JPG,40.965317699972225,-73.73407749997223,2017:07:20 11:05:08,,3000,4000,3.749
G0024069_7.JPG,40.965317699972225,-73.73407749997223,2017:07:20 11:05:08,,3000,4000,3.749
G0024070_10.JPG,40.96537639997222,-73.7338292,2017:07:20 11:05:13,,3000,4000,4.869
G0024070_12.JPG,40.96537639997222,-73.7338292,2017:07:20 11:05:13,,3000,4000,4.869
G0024070_13.JPG,40.96537639997222,-73.7338292,2017:07:20 11:05:13,,3000,4000,4.869
G0024070_15.JPG,40.96537639997222,-73.7338292,2017:07:20 11:05:13,,3000,4000,4.869
G0024070_16.JPG,40.96537639997222,-73.7338292,2017:07:20 11:05:13,,3000,4000,4.869
G0024070_17.JPG,40.96537639997222,-73.7338292,2017:07:20 11:05:13,,3000,4000,4.869
G0024070_22.JPG,40.96537639997222,-73.7338292,2017:07:20 11:05:13,,3000,4000,4.869
G0024070_4.JPG,40.96537639997222,-73.7338292,2017:07:20 11:05:13,,3000,4000,4.869
G0024070_6.JPG,40.96537639997222,-73.7338292,2017:07:20 11:05:13,,3000,4000,4.869
G0024070_7.JPG,40.96537639997222,-73.7338292,2017:07:20 11:05:13,,3000,4000,4.869
G0024071_2.JPG,40.9654126,-73.7337014,2017:07:20 11:05:18,,3000,4000,6.956
G0024071_22.JPG,40.9654126,-73.7337014,2017:07:20 11:05:18,,3000,4000,6.956
G0024071_23.JPG,40.9654126,-73.7337014,2017:07:20 11:05:18,,3000,4000,6.956
G0024071_3.JPG,40.9654126,-73.7337014,2017:07:20 11:05:18,,3000,4000,6.956
G0024071_4.JPG,40.9654126,-73.7337014,2017:07:20 11:05:18,,3000,4000,6.956
G0024071_7.JPG,40.9654126,-73.7337014,2017:07:20 11:05:18,,3000,4000,6.956
G0024071_8.JPG,40.9654126,-73.7337014,2017:07:20 11:05:18,,3000,4000,6.956
G0024072_10.JPG,40.965324899972224,-73.7337193,2017:07:20 11:05:23,,3000,4000,9.484
G0024072_13.JPG,40.965324899972224,-73.7337193,2017:07:20 11:05:23,,3000,4000,9.484
G0024072_14.JPG,40.965324899972224,-73.7337193,2017:07:20 11:05:23,,3000,4000,9.484
G0024073_0.JPG,40.96512299997222,-73.7337552,2017:07:20 11:05:28,,3000,4000,10.44
G0024073_10.JPG,40.96512299997222,-73.7337552,2017:07:20 11:05:28,,3000,4000,10.44
G0024073_13.JPG,40.96512299997222,-73.7337552,2017:07:20 11:05:28,,3000,4000,10.44
G0024073_15.JPG,40.96512299997222,-73.7337552,2017:07:20 11:05:28,,3000,4000,10.44
G0024073_16.JPG,40.96512299997222,-73.7337552,2017:07:20 11:05:28,,3000,4000,10.44
G0024074_1.JPG,40.9649153,-73.7337962,2017:07:20 11:05:33,,3000,4000,10.675
G0024074_14.JPG,40.9649153,-73.7337962,2017:07:20 11:05:33,,3000,4000,10.675
G0024074_15.JPG,40.9649153,-73.7337962,2017:07:20 11:05:33,,3000,4000,10.675
G0024074_16.JPG,40.9649153,-73.7337962,2017:07:20 11:05:33,,3000,4000,10.675
G0024074_21.JPG,40.9649153,-73.7337962,2017:07:20 11:05:33,,3000,4000,10.675
G0024074_22.JPG,40.9649153,-73.7337962,2017:07:20 11:05:33,,3000,4000,10.675
G0024074_7.JPG,40.9649153,-73.7337962,2017:07:20 11:05:33,,3000,4000,10.675
G0024074_9.JPG,40.9649153,-73.7337962,2017:07:20 11:05:33,,3000,4000,10.675
G0024075_15.JPG,40.96473689997222,-73.733829,2017:07:20 11:05:38,,3000,4000,10.935
G0024075_19.JPG,40.96473689997222,-73.733829,2017:07:20 11:05:38,,3000,4000,10.935
G0024075_2.JPG,40.96473689997222,-73.733829,2017:07:20 11:05:38,,3000,4000,10.935
G0024075_4.JPG,40.96473689997222,-73.733829,2017:07:20 11:05:38,,3000,4000,10.935
G0024075_8.JPG,40.96473689997222,-73.733829,2017:07:20 11:05:38,,3000,4000,10.935
G0024076_10.JPG,40.96470459997222,-73.7338275,2017:07:20 11:05:43,,3000,4000,12.46
G0024076_11.JPG,40.96470459997222,-73.7338275,2017:07:20 11:05:43,,3000,4000,12.46
G0024076_14.JPG,40.96470459997222,-73.7338275,2017:07:20 11:05:43,,3000,4000,12.46
G0024076_21.JPG,40.96470459997222,-73.7338275,2017:07:20 11:05:43,,3000,4000,12.46
G0024077_10.JPG,40.964702899972224,-73.73381609997222,2017:07:20 11:05:48,,3000,4000,12.034
G0024077_3.JPG,40.964702899972224,-73.73381609997222,2017:07:20 11:05:48,,3000,4000,12.034
G0024080_14.JPG,40.96470219997222,-73.7337533,2017:07:20 11:06:03,,3000,4000,9.184
G0024080_2.JPG,40.96470219997222,-73.7337533,2017:07:20 11:06:03,,3000,4000,9.184
G0024080_22.JPG,40.96470219997222,-73.7337533,2017:07:20 11:06:03,,3000,4000,9.184
G0024080_6.JPG,40.96470219997222,-73.7337533,2017:07:20 11:06:03,,3000,4000,9.184
G0024081_1.JPG,40.9647384,-73.73355329997223,2017:07:20 11:06:08,,3000,4000,10.164
G0024082_1.JPG,40.9647945,-73.7333074,2017:07:20 11:06:13,,3000,4000,10.606
G0024082_3.JPG,40.9647945,-73.7333074,2017:07:20 11:06:13,,3000,4000,10.606
G0024082_7.JPG,40.9647945,-73.7333074,2017:07:20 11:06:13,,3000,4000,10.606
G0024083_1.JPG,40.9648656,-73.733033,2017:07:20 11:06:18,,3000,4000,10.169
G0024083_18.JPG,40.9648656,-73.733033,2017:07:20 11:06:18,,3000,4000,10.169
G0024083_19.JPG,40.9648656,-73.733033,2017:07:20 11:06:18,,3000,4000,10.169
G0024083_8.JPG,40.9648656,-73.733033,2017:07:20 11:06:18,,3000,4000,10.169
G0024084_1.JPG,40.964912699972224,-73.7327829,2017:07:20 11:06:23,,3000,4000,11.881
G0024084_10.JPG,40.964912699972224,-73.7327829,2017:07:20 11:06:23,,3000,4000,11.881
G0024084_11.JPG,40.964912699972224,-73.7327829,2017:07:20 11:06:23,,3000,4000,11.881
G0024084_13.JPG,40.964912699972224,-73.7327829,2017:07:20 11:06:23,,3000,4000,11.881
G0024084_2.JPG,40.964912699972224,-73.7327829,2017:07:20 11:06:23,,3000,4000,11.881
G0024084_3.JPG,40.964912699972224,-73.7327829,2017:07:20 11:06:23,,3000,4000,11.881
G0024084_5.JPG,40.964912699972224,-73.7327829,2017:07:20 11:06:23,,3000,4000,11.881
G0024084_7.JPG,40.964912699972224,-73.7327829,2017:07:20 11:06:23,,3000,4000,11.881
G0024084_8.JPG,40.964912699972224,-73.7327829,2017:07:20 11:06:23,,3000,4000,11.881
G0024084_9.JPG,40.964912699972224,-73.7327829,2017:07:20 11:06:23,,3000,4000,11.881
G0024085_11.JPG,40.96497519997222,-73.7325189,2017:07:20 11:06:28,,3000,4000,13.058
G0024085_20.JPG,40.96497519997222,-73.7325189,2017:07:20 11:06:28,,3000,4000,13.058
G0024085_22.JPG,40.96497519997222,-73.7325189,2017:07:20 11:06:28,,3000,4000,13.058
G0024085_23.JPG,40.96497519997222,-73.7325189,2017:07:20 11:06:28,,3000,4000,13.058
G0024086_11.JPG,40.9650395,-73.73225499997223,2017:07:20 11:06:33,,3000,4000,13.316
G0024086_2.JPG,40.9650395,-73.73225499997223,2017:07:20 11:06:33,,3000,4000,13.316
G0024086_3.JPG,40.9650395,-73.73225499997223,2017:07:20 11:06:33,,3000,4000,13.316
G0024087_13.JPG,40.965105399972224,-73.7319899,2017:07:20 11:06:38,,3000,4000,13.406
G0024087_14.JPG,40.965105399972224,-73.7319899,2017:07:20 11:06:38,,3000,4000,13.406
G0024087_21.JPG,40.965105399972224,-73.7319899,2017:07:20 11:06:38,,3000,4000,13.406
G0024087_22.JPG,40.965105399972224,-73.7319899,2017:07:20 11:06:38,,3000,4000,13.406
G0024087_4.JPG,40.965105399972224,-73.7319899,2017:07:20 11:06:38,,3000,4000,13.406
G0024087_5.JPG,40.965105399972224,-73.7319899,2017:07:20 11:06:38,,3000,4000,13.406
G0024088_1.JPG,40.9651895,-73.7317328,2017:07:20 11:06:43,,3000,4000,14.397
G0024088_10.JPG,40.9651895,-73.7317328,2017:07:20 11:06:43,,3000,4000,14.397
G0024088_22.JPG,40.9651895,-73.7317328,2017:07:20 11:06:43,,3000,4000,14.397
G0024089_12.JPG,40.965257399972224,-73.73147079997223,2017:07:20 11:06:48,,3000,4000,12.021
G0024089_23.JPG,40.965257399972224,-73.73147079997223,2017:07:20 11:06:48,,3000,4000,12.021
G0024089_6.JPG,40.965257399972224,-73.73147079997223,2017:07:20 11:06:48,,3000,4000,12.021
G0024090_6.JPG,40.9653635,-73.73138099997223,2017:07:20 11:06:53,,3000,4000,7.7
G0024091_1.JPG,40.96555209997223,-73.7313754,2017:07:20 11:06:58,,3000,4000,1.232
G0024091_6.JPG,40.96555209997223,-73.7313754,2017:07:20 11:06:58,,3000,4000,1.232
G0024095_0.JPG,40.966295,-73.7313283,2017:07:20 11:07:18,,3000,4000,9.311
G0036427_12.JPG,40.9677056,-73.7319473,2017:08:03 12:20:01,,3000,4000,6.603
G0036427_13.JPG,40.9677056,-73.7319473,2017:08:03 12:20:01,,3000,4000,6.603
G0036427_14.JPG,40.9677056,-73.7319473,2017:08:03 12:20:01,,3000,4000,6.603
G0036427_20.JPG,40.9677056,-73.7319473,2017:08:03 12:20:01,,3000,4000,6.603
G0036427_21.JPG,40.9677056,-73.7319473,2017:08:03 12:20:01,,3000,4000,6.603
G0036427_6.JPG,40.9677056,-73.7319473,2017:08:03 12:20:01,,3000,4000,6.603
G0036428_13.JPG,40.96766449997222,-73.73205489997223,2017:08:03 12:20:03,,3000,4000,1.169
G0036428_19.JPG,40.96766449997222,-73.73205489997223,2017:08:03 12:20:03,,3000,4000,1.169
G0036428_20.JPG,40.96766449997222,-73.73205489997223,2017:08:03 12:20:03,,3000,4000,1.169
G0036429_1.JPG,40.9676382,-73.7321636,2017:08:03 12:20:05,,3000,4000,1.659
G0036429_2.JPG,40.9676382,-73.7321636,2017:08:03 12:20:05,,3000,4000,1.659
G0036430_21.JPG,40.96761099997222,-73.7322762,2017:08:03 12:20:07,,3000,4000,4.323
G0036430_8.JPG,40.96761099997222,-73.7322762,2017:08:03 12:20:07,,3000,4000,4.323
G0036430_9.JPG,40.96761099997222,-73.7322762,2017:08:03 12:20:07,,3000,4000,4.323
G0036431_15.JPG,40.9675859,-73.7323898,2017:08:03 12:20:09,,3000,4000,6.323
G0036431_16.JPG,40.9675859,-73.7323898,2017:08:03 12:20:09,,3000,4000,6.323
G0036431_2.JPG,40.9675859,-73.7323898,2017:08:03 12:20:09,,3000,4000,6.323
G0036431_8.JPG,40.9675859,-73.7323898,2017:08:03 12:20:09,,3000,4000,6.323
G0036432_10.JPG,40.96756349997222,-73.7324968,2017:08:03 12:20:11,,3000,4000,8.328
G0036432_2.JPG,40.96756349997222,-73.7324968,2017:08:03 12:20:11,,3000,4000,8.328
G0036433_21.JPG,40.967538799972225,-73.73260469997223,2017:08:03 12:20:13,,3000,4000,8.902
G0036434_16.JPG,40.96753069997222,-73.73269009997222,2017:08:03 12:20:15,,3000,4000,7.383
G0036434_9.JPG,40.96753069997222,-73.73269009997222,2017:08:03 12:20:15,,3000,4000,7.383
G0036435_11.JPG,40.9675184,-73.73272529997223,2017:08:03 12:20:17,,3000,4000,5.869
G0036435_3.JPG,40.9675184,-73.73272529997223,2017:08:03 12:20:17,,3000,4000,5.869
G0036435_9.JPG,40.9675184,-73.73272529997223,2017:08:03 12:20:17,,3000,4000,5.869
G0036436_15.JPG,40.967530899972225,-73.7327226,2017:08:03 12:20:19,,3000,4000,6.113
G0036436_9.JPG,40.967530899972225,-73.7327226,2017:08:03 12:20:19,,3000,4000,6.113
G0036437_2.JPG,40.9675377,-73.7327226,2017:08:03 12:20:21,,3000,4000,7.072
G0036442_8.JPG,40.9675439,-73.73271909997223,2017:08:03 12:20:31,,3000,4000,5.493
G0036442_9.JPG,40.9675439,-73.73271909997223,2017:08:03 12:20:31,,3000,4000,5.493
G0036444_14.JPG,40.9675379,-73.7328049,2017:08:03 12:20:35,,3000,4000,4.276
G0036444_3.JPG,40.9675379,-73.7328049,2017:08:03 12:20:35,,3000,4000,4.276
G0036444_4.JPG,40.9675379,-73.7328049,2017:08:03 12:20:35,,3000,4000,4.276
G0036445_2.JPG,40.9675206,-73.7328878,2017:08:03 12:20:37,,3000,4000,3.881
G0036445_8.JPG,40.9675206,-73.7328878,2017:08:03 12:20:37,,3000,4000,3.881
G0036448_15.JPG,40.96745219997222,-73.7332054,2017:08:03 12:20:43,,3000,4000,7.735
G0036449_21.JPG,40.96743469997222,-73.7333162,2017:08:03 12:20:46,,3000,4000,9.039
G0036449_23.JPG,40.96743469997222,-73.7333162,2017:08:03 12:20:46,,3000,4000,9.039
G0036450_23.JPG,40.9674057,-73.7334263,2017:08:03 12:20:47,,3000,4000,10.248
G0036451_16.JPG,40.96737319997222,-73.7335388,2017:08:03 12:20:49,,3000,4000,10.148
G0036451_22.JPG,40.96737319997222,-73.7335388,2017:08:03 12:20:49,,3000,4000,10.148
G0036452_15.JPG,40.96734159997222,-73.733648,2017:08:03 12:20:51,,3000,4000,9.409
G0036452_21.JPG,40.96734159997222,-73.733648,2017:08:03 12:20:51,,3000,4000,9.409
G0036453_15.JPG,40.96730689997222,-73.73375029997223,2017:08:03 12:20:53,,3000,4000,9.675
G0036457_19.JPG,40.967171499972224,-73.7341653,2017:08:03 12:21:01,,3000,4000,11.203
G0036458_17.JPG,40.9671347,-73.7342725,2017:08:03 12:21:03,,3000,4000,12.676
G0036458_23.JPG,40.9671347,-73.7342725,2017:08:03 12:21:03,,3000,4000,12.676
G0036459_12.JPG,40.96710759997222,-73.7343721,2017:08:03 12:21:05,,3000,4000,14.032
G0036460_17.JPG,40.9670794,-73.73448159997223,2017:08:03 12:21:07,,3000,4000,15.504
G0036460_20.JPG,40.9670794,-73.73448159997223,2017:08:03 12:21:07,,3000,4000,15.504
G0036460_4.JPG,40.9670794,-73.73448159997223,2017:08:03 12:21:07,,3000,4000,15.504
G0036461_10.JPG,40.967047499972225,-73.73458909997223,2017:08:03 12:21:09,,3000,4000,16.507
G0036461_14.JPG,40.967047499972225,-73.73458909997223,2017:08:03 12:21:09,,3000,4000,16.507
G0036461_21.JPG,40.967047499972225,-73.73458909997223,2017:08:03 12:21:09,,3000,4000,16.507
G0036462_15.JPG,40.967036,-73.7347022,2017:08:03 12:21:11,,3000,4000,16.401
G0036462_4.JPG,40.967036,-73.7347022,2017:08:03 12:21:11,,3000,4000,16.401
G0036463_14.JPG,40.96701269997222,-73.7348017,2017:08:03 12:21:13,,3000,4000,15.481
G0036463_2.JPG,40.96701269997222,-73.7348017,2017:08:03 12:21:13,,3000,4000,15.481
G0036463_20.JPG,40.96701269997222,-73.7348017,2017:08:03 12:21:13,,3000,4000,15.481
G0036463_21.JPG,40.96701269997222,-73.7348017,2017:08:03 12:21:13,,3000,4000,15.481
G0036464_14.JPG,40.9670027,-73.73486509997223,2017:08:03 12:21:15,,3000,4000,15.476
G0036464_15.JPG,40.9670027,-73.73486509997223,2017:08:03 12:21:15,,3000,4000,15.476
G0036464_20.JPG,40.9670027,-73.73486509997223,2017:08:03 12:21:15,,3000,4000,15.476
G0036465_15.JPG,40.966993399972225,-73.73488439997222,2017:08:03 12:21:17,,3000,4000,14.891
G0036467_14.JPG,40.9669692,-73.7348736,2017:08:03 12:21:21,,3000,4000,14.579
G0036473_10.JPG,40.9669363,-73.7348805,2017:08:03 12:21:33,,3000,4000,22.42
G0036473_15.JPG,40.9669363,-73.7348805,2017:08:03 12:21:33,,3000,4000,22.42
G0036473_9.JPG,40.9669363,-73.7348805,2017:08:03 12:21:33,,3000,4000,22.42
G0036474_18.JPG,40.9670003,-73.73490859997223,2017:08:03 12:21:35,,3000,4000,18.296
G0036484_10.JPG,40.9673595,-73.73549739997222,2017:08:03 12:21:55,,3000,4000,17.126
G0036487_9.JPG,40.9672944,-73.73574899997222,2017:08:03 12:22:01,,3000,4000,13.288
G0036490_9.JPG,40.96729169997222,-73.7357657,2017:08:03 12:22:07,,3000,4000,12.531
G0036491_3.JPG,40.9672878,-73.73576319997223,2017:08:03 12:22:09,,3000,4000,11.614
G0036494_3.JPG,40.9672854,-73.7357695,2017:08:03 12:22:15,,3000,4000,12.808
G0036496_9.JPG,40.96725949997222,-73.73574499997223,2017:08:03 12:22:19,,3000,4000,12.065
G0036497_14.JPG,40.9672205,-73.73571289997223,2017:08:03 12:22:21,,3000,4000,12.586
G0036497_20.JPG,40.9672205,-73.73571289997223,2017:08:03 12:22:21,,3000,4000,12.586
G0036498_9.JPG,40.967163599972224,-73.7356797,2017:08:03 12:22:23,,3000,4000,14.705
G0036499_17.JPG,40.967089,-73.73563719997222,2017:08:03 12:22:25,,3000,4000,16.968
G0036499_18.JPG,40.967089,-73.73563719997222,2017:08:03 12:22:25,,3000,4000,16.968
G0036499_2.JPG,40.967089,-73.73563719997222,2017:08:03 12:22:25,,3000,4000,16.968
G0036500_12.JPG,40.96699989997222,-73.73558669997222,2017:08:03 12:22:27,,3000,4000,19.795
G0036501_3.JPG,40.96690999997222,-73.73553359997223,2017:08:03 12:22:29,,3000,4000,23.173
G0036501_6.JPG,40.96690999997222,-73.73553359997223,2017:08:03 12:22:29,,3000,4000,23.173
G0036502_3.JPG,40.966820699972224,-73.7354882,2017:08:03 12:22:31,,3000,4000,25.262
G0036503_3.JPG,40.9667484,-73.7354066,2017:08:03 12:22:33,,3000,4000,28.572
G0036504_0.JPG,40.966692,-73.73531599997223,2017:08:03 12:22:35,,3000,4000,28.108
G0036508_23.JPG,40.966528199972224,-73.7349102,2017:08:03 12:22:44,,3000,4000,31.699
G0036509_17.JPG,40.9665006,-73.7348115,2017:08:03 12:22:45,,3000,4000,29.555
G0036535_10.JPG,40.9665107,-73.73444419997222,2017:08:03 12:23:37,,3000,4000,43.386
G0036536_17.JPG,40.96653469997222,-73.7343592,2017:08:03 12:23:39,,3000,4000,41.731
G0036536_9.JPG,40.96653469997222,-73.7343592,2017:08:03 12:23:39,,3000,4000,41.731
G0036538_19.JPG,40.9665668,-73.7341583,2017:08:03 12:23:43,,3000,4000,46.24
G0036539_18.JPG,40.966599,-73.73405259997223,2017:08:03 12:23:45,,3000,4000,46.445
G0036540_12.JPG,40.9666441,-73.73393989997223,2017:08:03 12:23:47,,3000,4000,44.758
G0036541_21.JPG,40.966674199972225,-73.73383189997222,2017:08:03 12:23:49,,3000,4000,43.315
G0036545_13.JPG,40.96680539997222,-73.73342309997223,2017:08:03 12:23:58,,3000,4000,40.134
G0036545_18.JPG,40.96680539997222,-73.73342309997223,2017:08:03 12:23:58,,3000,4000,40.134
G0036546_12.JPG,40.96682299997222,-73.73331609997223,2017:08:03 12:23:59,,3000,4000,41.692
G0036549_21.JPG,40.966913099972224,-73.73296259997223,2017:08:03 12:24:05,,3000,4000,53.504
G0036550_20.JPG,40.96694999997222,-73.7328521,2017:08:03 12:24:07,,3000,4000,51.922
G0036553_3.JPG,40.9670798,-73.7325122,2017:08:03 12:24:13,,3000,4000,52.196
G0036554_10.JPG,40.96711109997222,-73.732399,2017:08:03 12:24:15,,3000,4000,52.907
G0036557_2.JPG,40.96721139997222,-73.7320818,2017:08:03 12:24:21,,3000,4000,51.421
G0036558_1.JPG,40.9672442,-73.73197059997223,2017:08:03 12:24:23,,3000,4000,52.299
G0036561_2.JPG,40.9673735,-73.73163759997223,2017:08:03 12:24:29,,3000,4000,49.858
G0036562_4.JPG,40.967415899972224,-73.73152489997223,2017:08:03 12:24:31,,3000,4000,48.195
